"","id","condition","model","parsname","pars","LL","BIC","AIC","age_group"
"1",1,"Stable","RFTDDM","a",2.34366264219073,17303.1196961408,34622.6687829375,34622.6687829375,"Old"
"2",1,"Stable","RFTDDM","t0",3.50399901232499,17303.1196961408,34622.6687829375,34622.6687829375,"Old"
"3",1,"Stable","RFTDDM","nk",100,17303.1196961408,34622.6687829375,34622.6687829375,"Old"
"4",2,"Stable","RFTDDM","a",3.83236845575545,18574.4194080146,37165.153053956,37165.153053956,"Old"
"5",2,"Stable","RFTDDM","t0",2.38409788623652,18574.4194080146,37165.153053956,37165.153053956,"Old"
"6",2,"Stable","RFTDDM","nk",62,18574.4194080146,37165.153053956,37165.153053956,"Old"
"7",3,"Stable","RFTDDM","a",2.17298590288269,36536.6111921796,73089.6643011292,73089.6643011292,"Old"
"8",3,"Stable","RFTDDM","t0",3.41293356068522,36536.6111921796,73089.6643011292,73089.6643011292,"Old"
"9",3,"Stable","RFTDDM","nk",70,36536.6111921796,73089.6643011292,73089.6643011292,"Old"
"10",4,"Stable","RFTDDM","a",2.58424948181988,8602.49351032313,17221.3272327613,17221.3272327613,"Old"
"11",4,"Stable","RFTDDM","t0",2.38619344346966,8602.49351032313,17221.3272327613,17221.3272327613,"Old"
"12",4,"Stable","RFTDDM","nk",55,8602.49351032313,17221.3272327613,17221.3272327613,"Old"
"13",5,"Decreasing","RFTDDM","a",2.37145968402455,39033.1218408349,78082.6096450159,78082.6096450159,"Old"
"14",5,"Decreasing","RFTDDM","t0",3.59138451953057,39033.1218408349,78082.6096450159,78082.6096450159,"Old"
"15",5,"Decreasing","RFTDDM","nk",31,39033.1218408349,78082.6096450159,78082.6096450159,"Old"
"16",6,"Stable","RFTDDM","a",2.6259026434705,9335.32890068879,18686.7836366006,18686.7836366006,"Old"
"17",6,"Stable","RFTDDM","t0",4.42330893803716,9335.32890068879,18686.7836366006,18686.7836366006,"Old"
"18",6,"Stable","RFTDDM","nk",30,9335.32890068879,18686.7836366006,18686.7836366006,"Old"
"19",7,"Stable","RFTDDM","a",4.44855482059508,18143.5966093916,36303.5973992066,36303.5973992066,"Old"
"20",7,"Stable","RFTDDM","t0",3.05596566515117,18143.5966093916,36303.5973992066,36303.5973992066,"Old"
"21",7,"Stable","RFTDDM","nk",49,18143.5966093916,36303.5973992066,36303.5973992066,"Old"
"22",8,"Stable","RFTDDM","a",2.49881456734792,8257.83774994374,16531.5854146117,16531.5854146117,"Old"
"23",8,"Stable","RFTDDM","t0",3.99815644221663,8257.83774994374,16531.5854146117,16531.5854146117,"Old"
"24",8,"Stable","RFTDDM","nk",64,8257.83774994374,16531.5854146117,16531.5854146117,"Old"
"25",9,"Decreasing","RFTDDM","a",2.39958235284968,9066.10262398153,18148.6346386189,18148.6346386189,"Old"
"26",9,"Decreasing","RFTDDM","t0",2.75143122352943,9066.10262398153,18148.6346386189,18148.6346386189,"Old"
"27",9,"Decreasing","RFTDDM","nk",42,9066.10262398153,18148.6346386189,18148.6346386189,"Old"
"28",10,"Stable","RFTDDM","a",5.41311978303251,12890.9873431957,25798.182718537,25798.182718537,"Old"
"29",10,"Stable","RFTDDM","t0",1.41611498110339,12890.9873431957,25798.182718537,25798.182718537,"Old"
"30",10,"Stable","RFTDDM","nk",47,12890.9873431957,25798.182718537,25798.182718537,"Old"
"31",11,"Decreasing","RFTDDM","a",5.23230888488092,10049.9719117235,20116.3732141028,20116.3732141028,"Old"
"32",11,"Decreasing","RFTDDM","t0",3.52740195442492,10049.9719117235,20116.3732141028,20116.3732141028,"Old"
"33",11,"Decreasing","RFTDDM","nk",22,10049.9719117235,20116.3732141028,20116.3732141028,"Old"
"34",12,"Stable","RFTDDM","a",2.45601259587237,276731.413058685,553478.853120127,553478.853120127,"Old"
"35",12,"Stable","RFTDDM","t0",5.5350992096938,276731.413058685,553478.853120127,553478.853120127,"Old"
"36",12,"Stable","RFTDDM","nk",56,276731.413058685,553478.853120127,553478.853120127,"Old"
"37",13,"Stable","RFTDDM","a",1.92519638916793,14600.0696744673,29216.5812657047,29216.5812657047,"Old"
"38",13,"Stable","RFTDDM","t0",1.03449432201922,14600.0696744673,29216.5812657047,29216.5812657047,"Old"
"39",13,"Stable","RFTDDM","nk",58,14600.0696744673,29216.5812657047,29216.5812657047,"Old"
"40",14,"Decreasing","RFTDDM","a",9.96616098335044,13023.1819293578,26062.2588108152,26062.2588108152,"Old"
"41",14,"Decreasing","RFTDDM","t0",3.14431409618596,13023.1819293578,26062.2588108152,26062.2588108152,"Old"
"42",14,"Decreasing","RFTDDM","nk",57,13023.1819293578,26062.2588108152,26062.2588108152,"Old"
"43",15,"Decreasing","RFTDDM","a",2.09339650910647,6556.81728915757,13130.0639689709,13130.0639689709,"Old"
"44",15,"Decreasing","RFTDDM","t0",3.03764579138628,6556.81728915757,13130.0639689709,13130.0639689709,"Old"
"45",15,"Decreasing","RFTDDM","nk",48,6556.81728915757,13130.0639689709,13130.0639689709,"Old"
"46",16,"Decreasing","RFTDDM","a",1.97467563441692,6192.42222433753,12401.2863654451,12401.2863654451,"Old"
"47",16,"Decreasing","RFTDDM","t0",2.23407081075358,6192.42222433753,12401.2863654451,12401.2863654451,"Old"
"48",16,"Decreasing","RFTDDM","nk",45,6192.42222433753,12401.2863654451,12401.2863654451,"Old"
"49",17,"Decreasing","RFTDDM","a",2.65151306973515,99118.9048806673,198254.058062541,198254.058062541,"Old"
"50",17,"Decreasing","RFTDDM","t0",5.56190741235505,99118.9048806673,198254.058062541,198254.058062541,"Old"
"51",17,"Decreasing","RFTDDM","nk",31,99118.9048806673,198254.058062541,198254.058062541,"Old"
"52",18,"Decreasing","RFTDDM","a",2.36796539917739,39446.5567630055,78909.4666413718,78909.4666413718,"Old"
"53",18,"Decreasing","RFTDDM","t0",3.9816935405937,39446.5567630055,78909.4666413718,78909.4666413718,"Old"
"54",18,"Decreasing","RFTDDM","nk",13,39446.5567630055,78909.4666413718,78909.4666413718,"Old"
"55",19,"Stable","RFTDDM","a",2.57845767291141,9033.73806147271,18083.8676183605,18083.8676183605,"Old"
"56",19,"Stable","RFTDDM","t0",1.78233972447071,9033.73806147271,18083.8676183605,18083.8676183605,"Old"
"57",19,"Stable","RFTDDM","nk",68,9033.73806147271,18083.8676183605,18083.8676183605,"Old"
"58",20,"Decreasing","RFTDDM","a",2.01687931911207,7053.24024006346,14122.922396897,14122.922396897,"Old"
"59",20,"Decreasing","RFTDDM","t0",2.94890568658493,7053.24024006346,14122.922396897,14122.922396897,"Old"
"60",20,"Decreasing","RFTDDM","nk",45,7053.24024006346,14122.922396897,14122.922396897,"Old"
"61",21,"Stable","RFTDDM","a",2.56604849880669,9481.10899288483,18978.6221661931,18978.6221661931,"Old"
"62",21,"Stable","RFTDDM","t0",1.57978757378117,9481.10899288483,18978.6221661931,18978.6221661931,"Old"
"63",21,"Stable","RFTDDM","nk",30,9481.10899288483,18978.6221661931,18978.6221661931,"Old"
"64",22,"Stable","RFTDDM","a",2.37857583903007,47661.9666069323,95340.3751306346,95340.3751306346,"Old"
"65",22,"Stable","RFTDDM","t0",4.30395960968815,47661.9666069323,95340.3751306346,95340.3751306346,"Old"
"66",22,"Stable","RFTDDM","nk",90,47661.9666069323,95340.3751306346,95340.3751306346,"Old"
"67",23,"Decreasing","RFTDDM","a",2.21931775608639,37586.6045727776,75189.6510623253,75189.6510623253,"Old"
"68",23,"Decreasing","RFTDDM","t0",2.7500204766236,37586.6045727776,75189.6510623253,75189.6510623253,"Old"
"69",23,"Decreasing","RFTDDM","nk",33,37586.6045727776,75189.6510623253,75189.6510623253,"Old"
"70",24,"Stable","RFTDDM","a",7.17858996859698,18566.7739477557,37149.9898122813,37149.9898122813,"Old"
"71",24,"Stable","RFTDDM","t0",3.2516741429161,18566.7739477557,37149.9898122813,37149.9898122813,"Old"
"72",24,"Stable","RFTDDM","nk",45,18566.7739477557,37149.9898122813,37149.9898122813,"Old"
"73",25,"Stable","RFTDDM","a",16.822185513466,25775.720810307,51567.7427866246,51567.7427866246,"Old"
"74",25,"Stable","RFTDDM","t0",3.83009230098808,25775.720810307,51567.7427866246,51567.7427866246,"Old"
"75",25,"Stable","RFTDDM","nk",46,25775.720810307,51567.7427866246,51567.7427866246,"Old"
"76",26,"Decreasing","RFTDDM","a",2.52365314223507,10177.8639683662,20372.1698535024,20372.1698535024,"Old"
"77",26,"Decreasing","RFTDDM","t0",1.95759027587616,10177.8639683662,20372.1698535024,20372.1698535024,"Old"
"78",26,"Decreasing","RFTDDM","nk",37,10177.8639683662,20372.1698535024,20372.1698535024,"Old"
"79",27,"Decreasing","RFTDDM","a",3.70660725784018,10724.4896209099,21465.1737299243,21465.1737299243,"Old"
"80",27,"Decreasing","RFTDDM","t0",3.77102317986796,10724.4896209099,21465.1737299243,21465.1737299243,"Old"
"81",27,"Decreasing","RFTDDM","nk",31,10724.4896209099,21465.1737299243,21465.1737299243,"Old"
"82",28,"Decreasing","RFTDDM","a",5.96579120962661,10827.7140011698,21671.702852392,21671.702852392,"Old"
"83",28,"Decreasing","RFTDDM","t0",6.49315326667418,10827.7140011698,21671.702852392,21671.702852392,"Old"
"84",28,"Decreasing","RFTDDM","nk",28,10827.7140011698,21671.702852392,21671.702852392,"Old"
"85",29,"Decreasing","RFTDDM","a",2.09582452361866,17093.3962157822,34203.2218222201,34203.2218222201,"Old"
"86",29,"Decreasing","RFTDDM","t0",2.25276751917344,17093.3962157822,34203.2218222201,34203.2218222201,"Old"
"87",29,"Decreasing","RFTDDM","nk",37,17093.3962157822,34203.2218222201,34203.2218222201,"Old"
"88",30,"Decreasing","RFTDDM","a",3.38647371890022,8157.25334212607,16330.9360749079,16330.9360749079,"Old"
"89",30,"Decreasing","RFTDDM","t0",0.399814340544116,8157.25334212607,16330.9360749079,16330.9360749079,"Old"
"90",30,"Decreasing","RFTDDM","nk",40,8157.25334212607,16330.9360749079,16330.9360749079,"Old"
"91",31,"Decreasing","RFTDDM","a",2.57256732902806,9313.49741368203,18643.2696774165,18643.2696774165,"Old"
"92",31,"Decreasing","RFTDDM","t0",3.87100755613835,9313.49741368203,18643.2696774165,18643.2696774165,"Old"
"93",31,"Decreasing","RFTDDM","nk",26,9313.49741368203,18643.2696774165,18643.2696774165,"Old"
"94",32,"Decreasing","RFTDDM","a",4.66743345476485,21470.2101392457,42956.8496691471,42956.8496691471,"Old"
"95",32,"Decreasing","RFTDDM","t0",1,21470.2101392457,42956.8496691471,42956.8496691471,"Old"
"96",32,"Decreasing","RFTDDM","nk",14,21470.2101392457,42956.8496691471,42956.8496691471,"Old"
"97",33,"Stable","RFTDDM","a",2.41057068426201,58417.842395374,116852.076286163,116852.076286163,"Old"
"98",33,"Stable","RFTDDM","t0",3.53227802070385,58417.842395374,116852.076286163,116852.076286163,"Old"
"99",33,"Stable","RFTDDM","nk",63,58417.842395374,116852.076286163,116852.076286163,"Old"
"100",34,"Decreasing","RFTDDM","a",2.24912706503357,38086.9546974779,76190.2236328826,76190.2236328826,"Old"
"101",34,"Decreasing","RFTDDM","t0",4.99208210861202,38086.9546974779,76190.2236328826,76190.2236328826,"Old"
"102",34,"Decreasing","RFTDDM","nk",34,38086.9546974779,76190.2236328826,76190.2236328826,"Old"
"103",35,"Decreasing","RFTDDM","a",6.22334984720949,30662.748649097,61341.9266888497,61341.9266888497,"Old"
"104",35,"Decreasing","RFTDDM","t0",2.80176552802181,30662.748649097,61341.9266888497,61341.9266888497,"Old"
"105",35,"Decreasing","RFTDDM","nk",14,30662.748649097,61341.9266888497,61341.9266888497,"Old"
"106",36,"Stable","RFTDDM","a",2.64335601889246,8818.67714907085,17653.2190992338,17653.2190992338,"Old"
"107",36,"Stable","RFTDDM","t0",3.06944364942779,8818.67714907085,17653.2190992338,17653.2190992338,"Old"
"108",36,"Stable","RFTDDM","nk",58,8818.67714907085,17653.2190992338,17653.2190992338,"Old"
"109",37,"Stable","RFTDDM","a",2.97299476665148,12302.0330875574,24620.078789354,24620.078789354,"Old"
"110",37,"Stable","RFTDDM","t0",3.55569115586158,12302.0330875574,24620.078789354,24620.078789354,"Old"
"111",37,"Stable","RFTDDM","nk",53,12302.0330875574,24620.078789354,24620.078789354,"Old"
"112",38,"Stable","RFTDDM","a",2.35931224908969,86865.7289806776,173747.513535756,173747.513535756,"Old"
"113",38,"Stable","RFTDDM","t0",3.86351617730885,86865.7289806776,173747.513535756,173747.513535756,"Old"
"114",38,"Stable","RFTDDM","nk",29,86865.7289806776,173747.513535756,173747.513535756,"Old"
"115",39,"Stable","RFTDDM","a",1.9957672648667,5447.20805980326,10910.8203000299,10910.8203000299,"Old"
"116",39,"Stable","RFTDDM","t0",1.39825115351724,5447.20805980326,10910.8203000299,10910.8203000299,"Old"
"117",39,"Stable","RFTDDM","nk",62,5447.20805980326,10910.8203000299,10910.8203000299,"Old"
"118",40,"Decreasing","RFTDDM","a",16.2348198256967,17829.2352620869,35674.0660152676,35674.0660152676,"Old"
"119",40,"Decreasing","RFTDDM","t0",3.66578069116299,17829.2352620869,35674.0660152676,35674.0660152676,"Old"
"120",40,"Decreasing","RFTDDM","nk",29,17829.2352620869,35674.0660152676,35674.0660152676,"Old"
"121",41,"Stable","RFTDDM","a",10.3091421856755,13743.3888481602,27502.5501824364,27502.5501824364,"Old"
"122",41,"Stable","RFTDDM","t0",1,13743.3888481602,27502.5501824364,27502.5501824364,"Old"
"123",41,"Stable","RFTDDM","nk",44,13743.3888481602,27502.5501824364,27502.5501824364,"Old"
"124",42,"Decreasing","RFTDDM","a",2.1129128706732,6511.69142550324,13039.8122416623,13039.8122416623,"Old"
"125",42,"Decreasing","RFTDDM","t0",2.37594929722274,6511.69142550324,13039.8122416623,13039.8122416623,"Old"
"126",42,"Decreasing","RFTDDM","nk",45,6511.69142550324,13039.8122416623,13039.8122416623,"Old"
"127",43,"Stable","RFTDDM","a",2.4680968799648,8609.0509628092,17234.5438423884,17234.5438423884,"Old"
"128",43,"Stable","RFTDDM","t0",2.28777027945161,8609.0509628092,17234.5438423884,17234.5438423884,"Old"
"129",43,"Stable","RFTDDM","nk",85,8609.0509628092,17234.5438423884,17234.5438423884,"Old"
"130",44,"Stable","RFTDDM","a",2.79390628629181,19846.3223968308,39708.6717964175,39708.6717964175,"Old"
"131",44,"Stable","RFTDDM","t0",4.46474360922951,19846.3223968308,39708.6717964175,39708.6717964175,"Old"
"132",44,"Stable","RFTDDM","nk",31,19846.3223968308,39708.6717964175,39708.6717964175,"Old"
"133",45,"Decreasing","RFTDDM","a",6.21016748210572,20604.4011810637,41224.5904326942,41224.5904326942,"Old"
"134",45,"Decreasing","RFTDDM","t0",3.74775539922723,20604.4011810637,41224.5904326942,41224.5904326942,"Old"
"135",45,"Decreasing","RFTDDM","nk",17,20604.4011810637,41224.5904326942,41224.5904326942,"Old"
"136",46,"Stable","RFTDDM","a",7.28784201248355,11719.9652618474,23456.1654618505,23456.1654618505,"Old"
"137",46,"Stable","RFTDDM","t0",3.63586681346143,11719.9652618474,23456.1654618505,23456.1654618505,"Old"
"138",46,"Stable","RFTDDM","nk",39,11719.9652618474,23456.1654618505,23456.1654618505,"Old"
"139",47,"Stable","RFTDDM","a",2.19983764966115,37038.1685976671,74092.7159518766,74092.7159518766,"Old"
"140",47,"Stable","RFTDDM","t0",4.71282402166049,37038.1685976671,74092.7159518766,74092.7159518766,"Old"
"141",47,"Stable","RFTDDM","nk",53,37038.1685976671,74092.7159518766,74092.7159518766,"Old"
"142",48,"Decreasing","RFTDDM","a",2.12402171688301,6271.37465519212,12559.1408057993,12559.1408057993,"Old"
"143",48,"Decreasing","RFTDDM","t0",2.09437143396615,6271.37465519212,12559.1408057993,12559.1408057993,"Old"
"144",48,"Decreasing","RFTDDM","nk",48,6271.37465519212,12559.1408057993,12559.1408057993,"Old"
"145",49,"Stable","RFTDDM","a",2.2493313930119,6743.52492174818,13503.4917602664,13503.4917602664,"Old"
"146",49,"Stable","RFTDDM","t0",3.23513589625667,6743.52492174818,13503.4917602664,13503.4917602664,"Old"
"147",49,"Stable","RFTDDM","nk",60,6743.52492174818,13503.4917602664,13503.4917602664,"Old"
"148",50,"Decreasing","RFTDDM","a",2.27834937174854,8221.19639342456,16458.8221775049,16458.8221775049,"Old"
"149",50,"Decreasing","RFTDDM","t0",2.07333138262529,8221.19639342456,16458.8221775049,16458.8221775049,"Old"
"150",50,"Decreasing","RFTDDM","nk",85,8221.19639342456,16458.8221775049,16458.8221775049,"Old"
"151",51,"Stable","RFTDDM","a",3.46625195620705,306709.741700924,613434.960567745,613434.960567745,"Old"
"152",51,"Stable","RFTDDM","t0",6.15812808126403,306709.741700924,613434.960567745,613434.960567745,"Old"
"153",51,"Stable","RFTDDM","nk",52,306709.741700924,613434.960567745,613434.960567745,"Old"
"154",52,"Decreasing","RFTDDM","a",2.23021632130903,7494.20813684683,15004.8204541171,15004.8204541171,"Old"
"155",52,"Decreasing","RFTDDM","t0",2.45134929482305,7494.20813684683,15004.8204541171,15004.8204541171,"Old"
"156",52,"Decreasing","RFTDDM","nk",48,7494.20813684683,15004.8204541171,15004.8204541171,"Old"
"157",54,"Decreasing","RFTDDM","a",2.40704256637701,9005.21101078069,18026.6836265592,18026.6836265592,"Old"
"158",54,"Decreasing","RFTDDM","t0",1.73035498747394,9005.21101078069,18026.6836265592,18026.6836265592,"Old"
"159",54,"Decreasing","RFTDDM","nk",41,9005.21101078069,18026.6836265592,18026.6836265592,"Old"
"160",55,"Decreasing","RFTDDM","a",6.70197330693039,12573.1374051384,25160.9458576615,25160.9458576615,"Old"
"161",55,"Decreasing","RFTDDM","t0",3.27643840367877,12573.1374051384,25160.9458576615,25160.9458576615,"Old"
"162",55,"Decreasing","RFTDDM","nk",15,12573.1374051384,25160.9458576615,25160.9458576615,"Old"
"163",56,"Stable","RFTDDM","a",2.13292082313092,6196.81040700683,12410.0627307837,12410.0627307837,"Old"
"164",56,"Stable","RFTDDM","t0",2.7519456674945,6196.81040700683,12410.0627307837,12410.0627307837,"Old"
"165",56,"Stable","RFTDDM","nk",33,6196.81040700683,12410.0627307837,12410.0627307837,"Old"
"166",57,"Decreasing","RFTDDM","a",2.30653983262526,18840.8411772779,37698.0991665768,37698.0991665768,"Old"
"167",57,"Decreasing","RFTDDM","t0",4.14654431258009,18840.8411772779,37698.0991665768,37698.0991665768,"Old"
"168",57,"Decreasing","RFTDDM","nk",36,18840.8411772779,37698.0991665768,37698.0991665768,"Old"
"169",58,"Stable","RFTDDM","a",2.24988199209302,156049.165830719,312114.697624785,312114.697624785,"Old"
"170",58,"Stable","RFTDDM","t0",4.12548613134613,156049.165830719,312114.697624785,312114.697624785,"Old"
"171",58,"Stable","RFTDDM","nk",66,156049.165830719,312114.697624785,312114.697624785,"Old"
"172",59,"Decreasing","RFTDDM","a",1.99976840920522,6171.09624123878,12358.6218731333,12358.6218731333,"Old"
"173",59,"Decreasing","RFTDDM","t0",1.6084149104871,6171.09624123878,12358.6218731333,12358.6218731333,"Old"
"174",59,"Decreasing","RFTDDM","nk",57,6171.09624123878,12358.6218731333,12358.6218731333,"Old"
"175",60,"Stable","RFTDDM","a",4.77677889100707,97490.2549951437,194996.939380943,194996.939380943,"Old"
"176",60,"Stable","RFTDDM","t0",4.38476712569417,97490.2549951437,194996.939380943,194996.939380943,"Old"
"177",60,"Stable","RFTDDM","nk",43,97490.2549951437,194996.939380943,194996.939380943,"Old"
"178",61,"Stable","RFTDDM","a",2.17098407435747,6619.27996563409,13254.9514266833,13254.9514266833,"Old"
"179",61,"Stable","RFTDDM","t0",2.31769679230227,6619.27996563409,13254.9514266833,13254.9514266833,"Old"
"180",61,"Stable","RFTDDM","nk",60,6619.27996563409,13254.9514266833,13254.9514266833,"Old"
"181",62,"Stable","RFTDDM","a",4.74755736855015,47065.4551761602,94147.2891088627,94147.2891088627,"Old"
"182",62,"Stable","RFTDDM","t0",3.81565316557992,47065.4551761602,94147.2891088627,94147.2891088627,"Old"
"183",62,"Stable","RFTDDM","nk",65,47065.4551761602,94147.2891088627,94147.2891088627,"Old"
"184",63,"Stable","RFTDDM","a",2.52540452204242,38441.7412875937,76899.6084104105,76899.6084104105,"Old"
"185",63,"Stable","RFTDDM","t0",3.85777493457837,38441.7412875937,76899.6084104105,76899.6084104105,"Old"
"186",63,"Stable","RFTDDM","nk",52,38441.7412875937,76899.6084104105,76899.6084104105,"Old"
"187",64,"Stable","RFTDDM","a",5.3730209010047,12523.469971946,25063.305907238,25063.305907238,"Old"
"188",64,"Stable","RFTDDM","t0",1,12523.469971946,25063.305907238,25063.305907238,"Old"
"189",64,"Stable","RFTDDM","nk",72,12523.469971946,25063.305907238,25063.305907238,"Old"
"190",65,"Stable","RFTDDM","a",2.3927440401907,38435.0244834212,76886.4657788635,76886.4657788635,"Old"
"191",65,"Stable","RFTDDM","t0",3.01271784763654,38435.0244834212,76886.4657788635,76886.4657788635,"Old"
"192",65,"Stable","RFTDDM","nk",57,38435.0244834212,76886.4657788635,76886.4657788635,"Old"
"193",66,"Stable","RFTDDM","a",2.48474807610034,8086.86509991041,16190.1595904766,16190.1595904766,"Old"
"194",66,"Stable","RFTDDM","t0",2.40001060344603,8086.86509991041,16190.1595904766,16190.1595904766,"Old"
"195",66,"Stable","RFTDDM","nk",66,8086.86509991041,16190.1595904766,16190.1595904766,"Old"
"196",70,"Decreasing","RFTDDM","a",2.14928944479567,27444.4859140949,54905.4137449598,54905.4137449598,"Old"
"197",70,"Decreasing","RFTDDM","t0",2.25699124287697,27444.4859140949,54905.4137449598,54905.4137449598,"Old"
"198",70,"Decreasing","RFTDDM","nk",50,27444.4859140949,54905.4137449598,54905.4137449598,"Old"
"199",101,"Decreasing","RFTDDM","a",1.82082298532461,45152.7169246022,90321.8757659744,90321.8757659744,"Young"
"200",101,"Decreasing","RFTDDM","t0",1.08125125002352,45152.7169246022,90321.8757659744,90321.8757659744,"Young"
"201",101,"Decreasing","RFTDDM","nk",40,45152.7169246022,90321.8757659744,90321.8757659744,"Young"
"202",102,"Decreasing","RFTDDM","a",2.52390569323369,39908.45431213,79833.1702292578,79833.1702292578,"Young"
"203",102,"Decreasing","RFTDDM","t0",3.19851504603947,39908.45431213,79833.1702292578,79833.1702292578,"Young"
"204",102,"Decreasing","RFTDDM","nk",43,39908.45431213,79833.1702292578,79833.1702292578,"Young"
"205",103,"Stable","RFTDDM","a",2.47425283863668,19562.4259251677,39141.2686623565,39141.2686623565,"Young"
"206",103,"Stable","RFTDDM","t0",2.17134890795308,19562.4259251677,39141.2686623565,39141.2686623565,"Young"
"207",103,"Stable","RFTDDM","nk",60,19562.4259251677,39141.2686623565,39141.2686623565,"Young"
"208",104,"Stable","RFTDDM","a",5.65618853403779,29348.9136601864,58714.2441323939,58714.2441323939,"Young"
"209",104,"Stable","RFTDDM","t0",2.90765662334102,29348.9136601864,58714.2441323939,58714.2441323939,"Young"
"210",104,"Stable","RFTDDM","nk",29,29348.9136601864,58714.2441323939,58714.2441323939,"Young"
"211",105,"Stable","RFTDDM","a",2.27135911089009,7602.9141224684,15222.2070014792,15222.2070014792,"Young"
"212",105,"Stable","RFTDDM","t0",2.40325307349613,7602.9141224684,15222.2070014792,15222.2070014792,"Young"
"213",105,"Stable","RFTDDM","nk",84,7602.9141224684,15222.2070014792,15222.2070014792,"Young"
"214",106,"Decreasing","RFTDDM","a",2.06678074348073,365595.615898254,731207.673713278,731207.673713278,"Young"
"215",106,"Decreasing","RFTDDM","t0",3.4908241496832,365595.615898254,731207.673713278,731207.673713278,"Young"
"216",106,"Decreasing","RFTDDM","nk",24,365595.615898254,731207.673713278,731207.673713278,"Young"
"217",107,"Stable","RFTDDM","a",2.49332475803694,9290.96118089818,18598.223527807,18598.223527807,"Young"
"218",107,"Stable","RFTDDM","t0",3.14682081392813,9290.96118089818,18598.223527807,18598.223527807,"Young"
"219",107,"Stable","RFTDDM","nk",69,9290.96118089818,18598.223527807,18598.223527807,"Young"
"220",108,"Decreasing","RFTDDM","a",6.27785606788952,11480.9217410479,22978.2853988659,22978.2853988659,"Young"
"221",108,"Decreasing","RFTDDM","t0",1,11480.9217410479,22978.2853988659,22978.2853988659,"Young"
"222",108,"Decreasing","RFTDDM","nk",18,11480.9217410479,22978.2853988659,22978.2853988659,"Young"
"223",109,"Stable","RFTDDM","a",2.36134621150468,48056.8824694836,96130.1691193906,96130.1691193906,"Young"
"224",109,"Stable","RFTDDM","t0",2.29799998299923,48056.8824694836,96130.1691193906,96130.1691193906,"Young"
"225",109,"Stable","RFTDDM","nk",79,48056.8824694836,96130.1691193906,96130.1691193906,"Young"
"226",110,"Stable","RFTDDM","a",2.31653855613997,7215.1154287443,14446.6727742586,14446.6727742586,"Young"
"227",110,"Stable","RFTDDM","t0",3.00438595589467,7215.1154287443,14446.6727742586,14446.6727742586,"Young"
"228",110,"Stable","RFTDDM","nk",40,7215.1154287443,14446.6727742586,14446.6727742586,"Young"
"229",111,"Decreasing","RFTDDM","a",7.32117573110556,13222.5847859589,26461.5989625735,26461.5989625735,"Young"
"230",111,"Decreasing","RFTDDM","t0",1.19345410350904,13222.5847859589,26461.5989625735,26461.5989625735,"Young"
"231",111,"Decreasing","RFTDDM","nk",11,13222.5847859589,26461.5989625735,26461.5989625735,"Young"
"232",112,"Decreasing","RFTDDM","a",2.41761361940938,9100.25259242211,18216.8063508549,18216.8063508549,"Young"
"233",112,"Decreasing","RFTDDM","t0",1.04099914294684,9100.25259242211,18216.8063508549,18216.8063508549,"Young"
"234",112,"Decreasing","RFTDDM","nk",39,9100.25259242211,18216.8063508549,18216.8063508549,"Young"
"235",113,"Decreasing","RFTDDM","a",2.275707412807,87357.6110390154,174731.663994801,174731.663994801,"Young"
"236",113,"Decreasing","RFTDDM","t0",2.01730255773037,87357.6110390154,174731.663994801,174731.663994801,"Young"
"237",113,"Decreasing","RFTDDM","nk",32,87357.6110390154,174731.663994801,174731.663994801,"Young"
"238",114,"Stable","RFTDDM","a",2.05736673374352,6048.4391050554,12113.3201268808,12113.3201268808,"Young"
"239",114,"Stable","RFTDDM","t0",1.82290800704261,6048.4391050554,12113.3201268808,12113.3201268808,"Young"
"240",114,"Stable","RFTDDM","nk",90,6048.4391050554,12113.3201268808,12113.3201268808,"Young"
"241",115,"Stable","RFTDDM","a",2.00055980107147,5333.50638067922,10683.4546781285,10683.4546781285,"Young"
"242",115,"Stable","RFTDDM","t0",0.971215053637517,5333.50638067922,10683.4546781285,10683.4546781285,"Young"
"243",115,"Stable","RFTDDM","nk",84,5333.50638067922,10683.4546781285,10683.4546781285,"Young"
"244",116,"Stable","RFTDDM","a",0.908927461343755,482171.198221264,964358.838359297,964358.838359297,"Young"
"245",116,"Stable","RFTDDM","t0",0.05,482171.198221264,964358.838359297,964358.838359297,"Young"
"246",116,"Stable","RFTDDM","nk",85,482171.198221264,964358.838359297,964358.838359297,"Young"
"247",117,"Decreasing","RFTDDM","a",2.23212997403446,97058.938089092,194134.292990205,194134.292990205,"Young"
"248",117,"Decreasing","RFTDDM","t0",5.02397790290868,97058.938089092,194134.292990205,194134.292990205,"Young"
"249",117,"Decreasing","RFTDDM","nk",47,97058.938089092,194134.292990205,194134.292990205,"Young"
"250",118,"Decreasing","RFTDDM","a",6.01359816640915,10227.0503347016,20470.530060059,20470.530060059,"Young"
"251",118,"Decreasing","RFTDDM","t0",1.39137432972974,10227.0503347016,20470.530060059,20470.530060059,"Young"
"252",118,"Decreasing","RFTDDM","nk",33,10227.0503347016,20470.530060059,20470.530060059,"Young"
"253",119,"Decreasing","RFTDDM","a",2.03108263754792,6457.70316018942,12931.8231323998,12931.8231323998,"Young"
"254",119,"Decreasing","RFTDDM","t0",2.38822324365962,6457.70316018942,12931.8231323998,12931.8231323998,"Young"
"255",119,"Decreasing","RFTDDM","nk",41,6457.70316018942,12931.8231323998,12931.8231323998,"Young"
"256",120,"Decreasing","RFTDDM","a",2.12842854946769,6417.13575021722,12850.7008910902,12850.7008910902,"Young"
"257",120,"Decreasing","RFTDDM","t0",0.448674922033528,6417.13575021722,12850.7008910902,12850.7008910902,"Young"
"258",120,"Decreasing","RFTDDM","nk",28,6417.13575021722,12850.7008910902,12850.7008910902,"Young"
"259",121,"Stable","RFTDDM","a",2.66347653851053,9910.78937689463,19837.8667906761,19837.8667906761,"Young"
"260",121,"Stable","RFTDDM","t0",2.04448575749258,9910.78937689463,19837.8667906761,19837.8667906761,"Young"
"261",121,"Stable","RFTDDM","nk",38,9910.78937689463,19837.8667906761,19837.8667906761,"Young"
"262",122,"Decreasing","RFTDDM","a",2.75480221296357,20709.1436387796,41434.6787729743,41434.6787729743,"Young"
"263",122,"Decreasing","RFTDDM","t0",3.26934068141918,20709.1436387796,41434.6787729743,41434.6787729743,"Young"
"264",122,"Decreasing","RFTDDM","nk",31,20709.1436387796,41434.6787729743,41434.6787729743,"Young"
"265",123,"Decreasing","RFTDDM","a",2.12189533888695,107212.721946617,214441.885810003,214441.885810003,"Young"
"266",123,"Decreasing","RFTDDM","t0",2.1305995089455,107212.721946617,214441.885810003,214441.885810003,"Young"
"267",123,"Decreasing","RFTDDM","nk",47,107212.721946617,214441.885810003,214441.885810003,"Young"
"268",124,"Stable","RFTDDM","a",6.45211877196059,10264.3837408556,20545.1842937322,20545.1842937322,"Young"
"269",124,"Stable","RFTDDM","t0",1,10264.3837408556,20545.1842937322,20545.1842937322,"Young"
"270",124,"Stable","RFTDDM","nk",38,10264.3837408556,20545.1842937322,20545.1842937322,"Young"
"271",125,"Stable","RFTDDM","a",2.43470326839879,7717.1513122703,15450.706804964,15450.706804964,"Young"
"272",125,"Stable","RFTDDM","t0",1.83473622333102,7717.1513122703,15450.706804964,15450.706804964,"Young"
"273",125,"Stable","RFTDDM","nk",36,7717.1513122703,15450.706804964,15450.706804964,"Young"
"274",126,"Stable","RFTDDM","a",2.21690635448758,7090.78045403222,14198.0028248345,14198.0028248345,"Young"
"275",126,"Stable","RFTDDM","t0",1.88435124407563,7090.78045403222,14198.0028248345,14198.0028248345,"Young"
"276",126,"Stable","RFTDDM","nk",88,7090.78045403222,14198.0028248345,14198.0028248345,"Young"
"277",127,"Decreasing","RFTDDM","a",3.37945677338488,23664.5791854661,47345.2702850167,47345.2702850167,"Young"
"278",127,"Decreasing","RFTDDM","t0",1.7053092005117,23664.5791854661,47345.2702850167,47345.2702850167,"Young"
"279",127,"Decreasing","RFTDDM","nk",46,23664.5791854661,47345.2702850167,47345.2702850167,"Young"
"280",128,"Decreasing","RFTDDM","a",2.57094250207473,9982.12848190602,19980.6988805821,19980.6988805821,"Young"
"281",128,"Decreasing","RFTDDM","t0",0.179386396062164,9982.12848190602,19980.6988805821,19980.6988805821,"Young"
"282",128,"Decreasing","RFTDDM","nk",17,9982.12848190602,19980.6988805821,19980.6988805821,"Young"
"283",129,"Stable","RFTDDM","a",2.96846710749623,11894.8794646326,23805.9804445797,23805.9804445797,"Young"
"284",129,"Stable","RFTDDM","t0",2.06360791715637,11894.8794646326,23805.9804445797,23805.9804445797,"Young"
"285",129,"Stable","RFTDDM","nk",54,11894.8794646326,23805.9804445797,23805.9804445797,"Young"
"286",130,"Stable","RFTDDM","a",2.25334511356909,37841.5181397313,75699.4656701183,75699.4656701183,"Young"
"287",130,"Stable","RFTDDM","t0",2.83793387730911,37841.5181397313,75699.4656701183,75699.4656701183,"Young"
"288",130,"Stable","RFTDDM","nk",55,37841.5181397313,75699.4656701183,75699.4656701183,"Young"
"289",131,"Stable","RFTDDM","a",2.01187992342101,115425.146986577,230866.735889924,230866.735889924,"Young"
"290",131,"Stable","RFTDDM","t0",3.98866741796441,115425.146986577,230866.735889924,230866.735889924,"Young"
"291",131,"Stable","RFTDDM","nk",49,115425.146986577,230866.735889924,230866.735889924,"Young"
"292",132,"Decreasing","RFTDDM","a",6.54967595157823,11679.1066005014,23374.6551177728,23374.6551177728,"Young"
"293",132,"Decreasing","RFTDDM","t0",1,11679.1066005014,23374.6551177728,23374.6551177728,"Young"
"294",132,"Decreasing","RFTDDM","nk",19,11679.1066005014,23374.6551177728,23374.6551177728,"Young"
"295",133,"Decreasing","RFTDDM","a",2.06756526216533,6491.43366680544,12999.3092503809,12999.3092503809,"Young"
"296",133,"Decreasing","RFTDDM","t0",2.02482732899926,6491.43366680544,12999.3092503809,12999.3092503809,"Young"
"297",133,"Decreasing","RFTDDM","nk",52,6491.43366680544,12999.3092503809,12999.3092503809,"Young"
"298",134,"Decreasing","RFTDDM","a",2.05759823047639,6363.76129972028,12743.9645162106,12743.9645162106,"Young"
"299",134,"Decreasing","RFTDDM","t0",2.3042075215175,6363.76129972028,12743.9645162106,12743.9645162106,"Young"
"300",134,"Decreasing","RFTDDM","nk",35,6363.76129972028,12743.9645162106,12743.9645162106,"Young"
"301",135,"Decreasing","RFTDDM","a",2.1390592287618,27552.8673948517,55122.1516017245,55122.1516017245,"Young"
"302",135,"Decreasing","RFTDDM","t0",2.72652233884952,27552.8673948517,55122.1516017245,55122.1516017245,"Young"
"303",135,"Decreasing","RFTDDM","nk",26,27552.8673948517,55122.1516017245,55122.1516017245,"Young"
"304",136,"Decreasing","RFTDDM","a",5.61926710979413,11832.1198285726,23680.669047801,23680.669047801,"Young"
"305",136,"Decreasing","RFTDDM","t0",2.12956948243148,11832.1198285726,23680.669047801,23680.669047801,"Young"
"306",136,"Decreasing","RFTDDM","nk",22,11832.1198285726,23680.669047801,23680.669047801,"Young"
"307",137,"Stable","RFTDDM","a",2.42110407486392,37499.8393124365,75016.1080155288,75016.1080155288,"Young"
"308",137,"Stable","RFTDDM","t0",2.06675916170164,37499.8393124365,75016.1080155288,75016.1080155288,"Young"
"309",137,"Stable","RFTDDM","nk",52,37499.8393124365,75016.1080155288,75016.1080155288,"Young"
"310",138,"Decreasing","RFTDDM","a",2.14645606720794,17332.8363903848,34682.0895927907,34682.0895927907,"Young"
"311",138,"Decreasing","RFTDDM","t0",3.2632107075237,17332.8363903848,34682.0895927907,34682.0895927907,"Young"
"312",138,"Decreasing","RFTDDM","nk",24,17332.8363903848,34682.0895927907,34682.0895927907,"Young"
"313",139,"Stable","RFTDDM","a",2.3949394408414,26939.8351495,53896.1122157699,53896.1122157699,"Young"
"314",139,"Stable","RFTDDM","t0",2.10229878898082,26939.8351495,53896.1122157699,53896.1122157699,"Young"
"315",139,"Stable","RFTDDM","nk",90,26939.8351495,53896.1122157699,53896.1122157699,"Young"
"316",140,"Stable","RFTDDM","a",2.58279854829006,9475.96519915469,18968.3597889652,18968.3597889652,"Young"
"317",140,"Stable","RFTDDM","t0",2.02911717712079,9475.96519915469,18968.3597889652,18968.3597889652,"Young"
"318",140,"Stable","RFTDDM","nk",82,9475.96519915469,18968.3597889652,18968.3597889652,"Young"
"319",141,"Stable","RFTDDM","a",2.15803697543637,6700.0655887502,13416.5730942704,13416.5730942704,"Young"
"320",141,"Stable","RFTDDM","t0",1.70926412378522,6700.0655887502,13416.5730942704,13416.5730942704,"Young"
"321",141,"Stable","RFTDDM","nk",48,6700.0655887502,13416.5730942704,13416.5730942704,"Young"
"322",142,"Stable","RFTDDM","a",2.21879269709746,146253.416736928,292523.186589216,292523.186589216,"Young"
"323",142,"Stable","RFTDDM","t0",4.84742840977651,146253.416736928,292523.186589216,292523.186589216,"Young"
"324",142,"Stable","RFTDDM","nk",70,146253.416736928,292523.186589216,292523.186589216,"Young"
"325",143,"Decreasing","RFTDDM","a",2.13826692148668,17798.8109009814,35614.0637187329,35614.0637187329,"Young"
"326",143,"Decreasing","RFTDDM","t0",1.81214385538427,17798.8109009814,35614.0637187329,35614.0637187329,"Young"
"327",143,"Decreasing","RFTDDM","nk",42,17798.8109009814,35614.0637187329,35614.0637187329,"Young"
"328",144,"Stable","RFTDDM","a",2.50112100016352,914639.633265183,1829295.68334239,1829295.68334239,"Young"
"329",144,"Stable","RFTDDM","t0",2.19762766097868,914639.633265183,1829295.68334239,1829295.68334239,"Young"
"330",144,"Stable","RFTDDM","nk",55,914639.633265183,1829295.68334239,1829295.68334239,"Young"
"331",145,"Stable","RFTDDM","a",2.33890918265986,7999.48100699657,16015.3788260142,16015.3788260142,"Young"
"332",145,"Stable","RFTDDM","t0",2.4180988111729,7999.48100699657,16015.3788260142,16015.3788260142,"Young"
"333",145,"Stable","RFTDDM","nk",44,7999.48100699657,16015.3788260142,16015.3788260142,"Young"
"334",146,"Stable","RFTDDM","a",1.95782688589818,5576.86459490886,11170.1711065877,11170.1711065877,"Young"
"335",146,"Stable","RFTDDM","t0",1.44245702463984,5576.86459490886,11170.1711065877,11170.1711065877,"Young"
"336",146,"Stable","RFTDDM","nk",49,5576.86459490886,11170.1711065877,11170.1711065877,"Young"
"337",147,"Decreasing","RFTDDM","a",6.10891363080196,16087.9661953062,32192.2855059731,32192.2855059731,"Young"
"338",147,"Decreasing","RFTDDM","t0",1.82371065582945,16087.9661953062,32192.2855059731,32192.2855059731,"Young"
"339",147,"Decreasing","RFTDDM","nk",17,16087.9661953062,32192.2855059731,32192.2855059731,"Young"
"340",148,"Decreasing","RFTDDM","a",1.91783231709269,574223.019416595,1148462.45564521,1148462.45564521,"Young"
"341",148,"Decreasing","RFTDDM","t0",4.3587990687291,574223.019416595,1148462.45564521,1148462.45564521,"Young"
"342",148,"Decreasing","RFTDDM","nk",27,574223.019416595,1148462.45564521,1148462.45564521,"Young"
"343",149,"Stable","RFTDDM","a",6.53375693152004,9613.33654767458,19243.1150121192,19243.1150121192,"Young"
"344",149,"Stable","RFTDDM","t0",1.23621298632761,9613.33654767458,19243.1150121192,19243.1150121192,"Young"
"345",149,"Stable","RFTDDM","nk",65,9613.33654767458,19243.1150121192,19243.1150121192,"Young"
"346",150,"Decreasing","RFTDDM","a",2.20874499700433,87707.7573388664,175431.956594503,175431.956594503,"Young"
"347",150,"Decreasing","RFTDDM","t0",2.655914795754,87707.7573388664,175431.956594503,175431.956594503,"Young"
"348",150,"Decreasing","RFTDDM","nk",32,87707.7573388664,175431.956594503,175431.956594503,"Young"
"349",151,"Decreasing","RFTDDM","a",2.10768078956596,56540.8271369887,113098.071085998,113098.071085998,"Young"
"350",151,"Decreasing","RFTDDM","t0",1.87475513800679,56540.8271369887,113098.071085998,113098.071085998,"Young"
"351",151,"Decreasing","RFTDDM","nk",38,56540.8271369887,113098.071085998,113098.071085998,"Young"
"352",152,"Stable","RFTDDM","a",4.90855060547499,9649.91007833387,19316.2620734378,19316.2620734378,"Young"
"353",152,"Stable","RFTDDM","t0",1,9649.91007833387,19316.2620734378,19316.2620734378,"Young"
"354",152,"Stable","RFTDDM","nk",40,9649.91007833387,19316.2620734378,19316.2620734378,"Young"
"355",153,"Decreasing","RFTDDM","a",2.76036650901397,12943.0871288655,25902.5657531461,25902.5657531461,"Young"
"356",153,"Decreasing","RFTDDM","t0",1.45051010872071,12943.0871288655,25902.5657531461,25902.5657531461,"Young"
"357",153,"Decreasing","RFTDDM","nk",36,12943.0871288655,25902.5657531461,25902.5657531461,"Young"
"358",154,"Stable","RFTDDM","a",2.37514039598405,57450.6690020078,114917.665257147,114917.665257147,"Young"
"359",154,"Stable","RFTDDM","t0",2.04274476479094,57450.6690020078,114917.665257147,114917.665257147,"Young"
"360",154,"Stable","RFTDDM","nk",32,57450.6690020078,114917.665257147,114917.665257147,"Young"
"361",155,"Stable","RFTDDM","a",2.30452954757679,67619.95796307,135256.203963027,135256.203963027,"Young"
"362",155,"Stable","RFTDDM","t0",3.75439512631668,67619.95796307,135256.203963027,135256.203963027,"Young"
"363",155,"Stable","RFTDDM","nk",70,67619.95796307,135256.203963027,135256.203963027,"Young"
"364",156,"Stable","RFTDDM","a",2.71749527769088,19431.2798024612,38878.9383614649,38878.9383614649,"Young"
"365",156,"Stable","RFTDDM","t0",1.54954569683145,19431.2798024612,38878.9383614649,38878.9383614649,"Young"
"366",156,"Stable","RFTDDM","nk",87,19431.2798024612,38878.9383614649,38878.9383614649,"Young"
"367",157,"Stable","RFTDDM","a",2.46127685207555,8399.96545888148,16816.111800402,16816.111800402,"Young"
"368",157,"Stable","RFTDDM","t0",2.62315552946144,8399.96545888148,16816.111800402,16816.111800402,"Young"
"369",157,"Stable","RFTDDM","nk",41,8399.96545888148,16816.111800402,16816.111800402,"Young"
"370",158,"Decreasing","RFTDDM","a",11.452530101404,12483.2303238074,24982.9025643847,24982.9025643847,"Young"
"371",158,"Decreasing","RFTDDM","t0",1,12483.2303238074,24982.9025643847,24982.9025643847,"Young"
"372",158,"Decreasing","RFTDDM","nk",28,12483.2303238074,24982.9025643847,24982.9025643847,"Young"
"373",159,"Decreasing","RFTDDM","a",2.17963647192388,28147.9772659262,56312.3964486225,56312.3964486225,"Young"
"374",159,"Decreasing","RFTDDM","t0",2.75238624596334,28147.9772659262,56312.3964486225,56312.3964486225,"Young"
"375",159,"Decreasing","RFTDDM","nk",28,28147.9772659262,56312.3964486225,56312.3964486225,"Young"
"376",160,"Decreasing","RFTDDM","a",2.30224367990028,48707.5679084592,97431.5652075742,97431.5652075742,"Young"
"377",160,"Decreasing","RFTDDM","t0",3.42049661257878,48707.5679084592,97431.5652075742,97431.5652075742,"Young"
"378",160,"Decreasing","RFTDDM","nk",31,48707.5679084592,97431.5652075742,97431.5652075742,"Young"
"379",161,"Decreasing","RFTDDM","a",2.32272437869196,19123.1359053491,38262.701201354,38262.701201354,"Young"
"380",161,"Decreasing","RFTDDM","t0",1.57214759653989,19123.1359053491,38262.701201354,38262.701201354,"Young"
"381",161,"Decreasing","RFTDDM","nk",29,19123.1359053491,38262.701201354,38262.701201354,"Young"
"382",162,"Stable","RFTDDM","a",2.33974824515125,145500.183558053,291016.809032875,291016.809032875,"Young"
"383",162,"Stable","RFTDDM","t0",2.38699635638785,145500.183558053,291016.809032875,291016.809032875,"Young"
"384",162,"Stable","RFTDDM","nk",100,145500.183558053,291016.809032875,291016.809032875,"Young"
"385",163,"Decreasing","RFTDDM","a",2.31402578713319,17536.3607839323,35089.1634846346,35089.1634846346,"Young"
"386",163,"Decreasing","RFTDDM","t0",3.27731959797443,17536.3607839323,35089.1634846346,35089.1634846346,"Young"
"387",163,"Decreasing","RFTDDM","nk",54,17536.3607839323,35089.1634846346,35089.1634846346,"Young"
"388",164,"Decreasing","RFTDDM","a",2.62736822371225,10472.2589773118,20960.7662558302,20960.7662558302,"Young"
"389",164,"Decreasing","RFTDDM","t0",1.42085462215684,10472.2589773118,20960.7662558302,20960.7662558302,"Young"
"390",164,"Decreasing","RFTDDM","nk",29,10472.2589773118,20960.7662558302,20960.7662558302,"Young"
"391",165,"Decreasing","RFTDDM","a",7.2517469643463,9957.78723706779,19932.0163909056,19932.0163909056,"Young"
"392",165,"Decreasing","RFTDDM","t0",2.31904181334896,9957.78723706779,19932.0163909056,19932.0163909056,"Young"
"393",165,"Decreasing","RFTDDM","nk",27,9957.78723706779,19932.0163909056,19932.0163909056,"Young"
"394",166,"Stable","RFTDDM","a",2.63870620864689,56959.796933917,113935.908105761,113935.908105761,"Young"
"395",166,"Stable","RFTDDM","t0",2.57209730259138,56959.796933917,113935.908105761,113935.908105761,"Young"
"396",166,"Stable","RFTDDM","nk",47,56959.796933917,113935.908105761,113935.908105761,"Young"
"397",167,"Decreasing","RFTDDM","a",2.22770700010965,37819.1352522428,75654.7124212557,75654.7124212557,"Young"
"398",167,"Decreasing","RFTDDM","t0",1.99426559621478,37819.1352522428,75654.7124212557,75654.7124212557,"Young"
"399",167,"Decreasing","RFTDDM","nk",36,37819.1352522428,75654.7124212557,75654.7124212557,"Young"
"400",168,"Stable","RFTDDM","a",2.03486535569877,26032.9253469782,52082.2800846121,52082.2800846121,"Young"
"401",168,"Stable","RFTDDM","t0",1.4388743406489,26032.9253469782,52082.2800846121,52082.2800846121,"Young"
"402",168,"Stable","RFTDDM","nk",66,26032.9253469782,52082.2800846121,52082.2800846121,"Young"
"403",169,"Stable","RFTDDM","a",2.25301576469785,6415.09761588381,12846.6371485376,12846.6371485376,"Young"
"404",169,"Stable","RFTDDM","t0",1.72120079566989,6415.09761588381,12846.6371485376,12846.6371485376,"Young"
"405",169,"Stable","RFTDDM","nk",100,6415.09761588381,12846.6371485376,12846.6371485376,"Young"
"406",170,"Stable","RFTDDM","a",2.50743479071846,18485.578790399,36987.574392819,36987.574392819,"Young"
"407",170,"Stable","RFTDDM","t0",1.67857302646749,18485.578790399,36987.574392819,36987.574392819,"Young"
"408",170,"Stable","RFTDDM","nk",96,18485.578790399,36987.574392819,36987.574392819,"Young"
"409",171,"Stable","RFTDDM","a",6.5066498900706,115821.143618004,231658.691416432,231658.691416432,"Young"
"410",171,"Stable","RFTDDM","t0",3.82135845666783,115821.143618004,231658.691416432,231658.691416432,"Young"
"411",171,"Stable","RFTDDM","nk",30,115821.143618004,231658.691416432,231658.691416432,"Young"
"412",172,"Decreasing","RFTDDM","a",1.70427151924967,24685.783074703,49388.0080661761,49388.0080661761,"Young"
"413",172,"Decreasing","RFTDDM","t0",1.55392551199062,24685.783074703,49388.0080661761,49388.0080661761,"Young"
"414",172,"Decreasing","RFTDDM","nk",43,24685.783074703,49388.0080661761,49388.0080661761,"Young"
"415",173,"Stable","RFTDDM","a",2.4631553736278,8623.21053507958,17262.850460815,17262.850460815,"Young"
"416",173,"Stable","RFTDDM","t0",1.57164725188128,8623.21053507958,17262.850460815,17262.850460815,"Young"
"417",173,"Stable","RFTDDM","nk",66,8623.21053507958,17262.850460815,17262.850460815,"Young"
"418",174,"Decreasing","RFTDDM","a",2.14256276856288,186174.012827699,372364.442467419,372364.442467419,"Young"
"419",174,"Decreasing","RFTDDM","t0",2.90431581468926,186174.012827699,372364.442467419,372364.442467419,"Young"
"420",174,"Decreasing","RFTDDM","nk",39,186174.012827699,372364.442467419,372364.442467419,"Young"
"421",175,"Stable","RFTDDM","a",2.64536301474652,79019.0817004746,158054.384916264,158054.384916264,"Young"
"422",175,"Stable","RFTDDM","t0",2.84663023555389,79019.0817004746,158054.384916264,158054.384916264,"Young"
"423",175,"Stable","RFTDDM","nk",82,79019.0817004746,158054.384916264,158054.384916264,"Young"
"424",176,"Decreasing","RFTDDM","a",2.28915149385952,18460.7495046079,36937.9283998716,36937.9283998716,"Young"
"425",176,"Decreasing","RFTDDM","t0",2.47327220670035,18460.7495046079,36937.9283998716,36937.9283998716,"Young"
"426",176,"Decreasing","RFTDDM","nk",53,18460.7495046079,36937.9283998716,36937.9283998716,"Young"
"427",177,"Stable","RFTDDM","a",3.29992577086649,9123.14142197664,18261.7078346228,18261.7078346228,"Young"
"428",177,"Stable","RFTDDM","t0",3.14675125742745,9123.14142197664,18261.7078346228,18261.7078346228,"Young"
"429",177,"Stable","RFTDDM","nk",57,9123.14142197664,18261.7078346228,18261.7078346228,"Young"
"430",178,"Decreasing","RFTDDM","a",2.17263285429203,7249.00736825785,14514.4566532857,14514.4566532857,"Young"
"431",178,"Decreasing","RFTDDM","t0",1.81399791999679,7249.00736825785,14514.4566532857,14514.4566532857,"Young"
"432",178,"Decreasing","RFTDDM","nk",37,7249.00736825785,14514.4566532857,14514.4566532857,"Young"
"433",179,"Decreasing","RFTDDM","a",5.52725385358463,8957.06175132467,17930.5654194194,17930.5654194194,"Young"
"434",179,"Decreasing","RFTDDM","t0",1.14772292489413,8957.06175132467,17930.5654194194,17930.5654194194,"Young"
"435",179,"Decreasing","RFTDDM","nk",22,8957.06175132467,17930.5654194194,17930.5654194194,"Young"
"436",180,"Stable","RFTDDM","a",2.35574849402133,18084.9012730133,36186.2319366824,36186.2319366824,"Young"
"437",180,"Stable","RFTDDM","t0",2.34641670869528,18084.9012730133,36186.2319366824,36186.2319366824,"Young"
"438",180,"Stable","RFTDDM","nk",79,18084.9012730133,36186.2319366824,36186.2319366824,"Young"
"439",53,"Decreasing","RFTDDM","a",4.49486285173121,31851.1486487178,63718.6115353624,63718.6115353624,"Old"
"440",53,"Decreasing","RFTDDM","t0",3.22398288206467,31851.1486487178,63718.6115353624,63718.6115353624,"Old"
"441",53,"Decreasing","RFTDDM","nk",23,31851.1486487178,63718.6115353624,63718.6115353624,"Old"
"442",67,"Stable","RFTDDM","a",2.23224994415772,245359.834282525,490735.956601936,490735.956601936,"Old"
"443",67,"Stable","RFTDDM","t0",5.81736529477469,245359.834282525,490735.956601936,490735.956601936,"Old"
"444",67,"Stable","RFTDDM","nk",64,245359.834282525,490735.956601936,490735.956601936,"Old"
"445",68,"Stable","RFTDDM","a",5.57411631684705,12745.8946168419,25508.2060457048,25508.2060457048,"Old"
"446",68,"Stable","RFTDDM","t0",1,12745.8946168419,25508.2060457048,25508.2060457048,"Old"
"447",68,"Stable","RFTDDM","nk",51,12745.8946168419,25508.2060457048,25508.2060457048,"Old"
"448",69,"Decreasing","RFTDDM","a",2.55798815070383,10866.5908519732,21749.5858843699,21749.5858843699,"Old"
"449",69,"Decreasing","RFTDDM","t0",0.820611788264076,10866.5908519732,21749.5858843699,21749.5858843699,"Old"
"450",69,"Decreasing","RFTDDM","nk",83,10866.5908519732,21749.5858843699,21749.5858843699,"Old"
"451",71,"Stable","RFTDDM","a",2.3865676607066,27962.8881932534,55942.1165986218,55942.1165986218,"Old"
"452",71,"Stable","RFTDDM","t0",3.78481876053016,27962.8881932534,55942.1165986218,55942.1165986218,"Old"
"453",71,"Stable","RFTDDM","nk",68,27962.8881932534,55942.1165986218,55942.1165986218,"Old"
"454",72,"Stable","RFTDDM","a",2.33645615891075,6897.79158019238,13811.9873408082,13811.9873408082,"Old"
"455",72,"Stable","RFTDDM","t0",2.21053371532435,6897.79158019238,13811.9873408082,13811.9873408082,"Old"
"456",72,"Stable","RFTDDM","nk",74,6897.79158019238,13811.9873408082,13811.9873408082,"Old"
"457",73,"Decreasing","RFTDDM","a",2.33985007032331,98508.8567731653,197033.961847537,197033.961847537,"Old"
"458",73,"Decreasing","RFTDDM","t0",2.93354501855222,98508.8567731653,197033.961847537,197033.961847537,"Old"
"459",73,"Decreasing","RFTDDM","nk",52,98508.8567731653,197033.961847537,197033.961847537,"Old"
"460",74,"Decreasing","RFTDDM","a",2.45701058201965,29300.8019924071,58617.9312379457,58617.9312379457,"Old"
"461",74,"Decreasing","RFTDDM","t0",2.94487187388427,29300.8019924071,58617.9312379457,58617.9312379457,"Old"
"462",74,"Decreasing","RFTDDM","nk",25,29300.8019924071,58617.9312379457,58617.9312379457,"Old"
"463",75,"Decreasing","RFTDDM","a",4.47091202131113,11141.3821555713,22298.2927603402,22298.2927603402,"Old"
"464",75,"Decreasing","RFTDDM","t0",4.25935846643569,11141.3821555713,22298.2927603402,22298.2927603402,"Old"
"465",75,"Decreasing","RFTDDM","nk",15,11141.3821555713,22298.2927603402,22298.2927603402,"Old"
"466",76,"Decreasing","RFTDDM","a",2.81960608392042,20898.0342982656,41812.2766286768,41812.2766286768,"Old"
"467",76,"Decreasing","RFTDDM","t0",2.36864794186477,20898.0342982656,41812.2766286768,41812.2766286768,"Old"
"468",76,"Decreasing","RFTDDM","nk",26,20898.0342982656,41812.2766286768,41812.2766286768,"Old"
"469",77,"Decreasing","RFTDDM","a",2.78317508735865,9792.73021170089,19600.8501195466,19600.8501195466,"Old"
"470",77,"Decreasing","RFTDDM","t0",4.03282482988445,9792.73021170089,19600.8501195466,19600.8501195466,"Old"
"471",77,"Decreasing","RFTDDM","nk",28,9792.73021170089,19600.8501195466,19600.8501195466,"Old"
"472",78,"Decreasing","RFTDDM","a",2.28665759214011,48298.7031242513,96613.8356391585,96613.8356391585,"Old"
"473",78,"Decreasing","RFTDDM","t0",3.83540203177263,48298.7031242513,96613.8356391585,96613.8356391585,"Old"
"474",78,"Decreasing","RFTDDM","nk",26,48298.7031242513,96613.8356391585,96613.8356391585,"Old"
"475",79,"Decreasing","RFTDDM","a",3.85693180531585,116532.125028529,233080.590269172,233080.590269172,"Old"
"476",79,"Decreasing","RFTDDM","t0",4.4216547029539,116532.125028529,233080.590269172,233080.590269172,"Old"
"477",79,"Decreasing","RFTDDM","nk",24,116532.125028529,233080.590269172,233080.590269172,"Old"
"478",80,"Decreasing","RFTDDM","a",2.4323950948962,8797.53783317234,17611.2701544492,17611.2701544492,"Old"
"479",80,"Decreasing","RFTDDM","t0",2.45454983529155,8797.53783317234,17611.2701544492,17611.2701544492,"Old"
"480",80,"Decreasing","RFTDDM","nk",49,8797.53783317234,17611.2701544492,17611.2701544492,"Old"
