"","id","condition","model","parsname","pars","LL","convergence","BIC","AIC","RelLik"
"1",1,"Stable","Ctl","tau",30.9290049548253,-179.883259032504,0,373.135741520343,363.766518065007,-1.40452918564748
"2",1,"Stable","Ctl","sigma_ctl",13.3645552547117,-179.883259032504,0,373.135741520343,363.766518065007,-1.40452918564748
"3",1,"Stable","RTF","tau0",29.6488292431312,-180.287788218151,0,380.629411619306,366.575576436302,-1.40452918564748
"4",1,"Stable","RTF","sigma_rtf",13.8950863288316,-180.287788218151,0,380.629411619306,366.575576436302,-1.40452918564748
"5",1,"Stable","RTF","nk",98,-180.287788218151,0,380.629411619306,366.575576436302,-1.40452918564748
"6",2,"Stable","Ctl","tau",40.6536167589815,-171.174448801883,0,355.718121059102,346.348897603767,-1.35452828524868
"7",2,"Stable","Ctl","sigma_ctl",13.1372676951738,-171.174448801883,0,355.718121059102,346.348897603767,-1.35452828524868
"8",2,"Stable","RTF","tau0",40.3576297125131,-171.528977087132,0,363.111789357268,349.057954174264,-1.35452828524868
"9",2,"Stable","RTF","sigma_rtf",13.3852569312364,-171.528977087132,0,363.111789357268,349.057954174264,-1.35452828524868
"10",2,"Stable","RTF","nk",80,-171.528977087132,0,363.111789357268,349.057954174264,-1.35452828524868
"11",3,"Stable","Ctl","tau",40.252053882944,-232.862713103568,0,479.094649662472,469.725426207136,-3.54845454432839
"12",3,"Stable","Ctl","sigma_ctl",17.0422255308397,-232.862713103568,0,479.094649662472,469.725426207136,-3.54845454432839
"13",3,"Stable","RTF","tau0",39.0159621732979,-235.411167647897,0,490.876170478797,476.822335295793,-3.54845454432839
"14",3,"Stable","RTF","sigma_rtf",17.6300247268195,-235.411167647897,0,490.876170478797,476.822335295793,-3.54845454432839
"15",3,"Stable","RTF","nk",54,-235.411167647897,0,490.876170478797,476.822335295793,-3.54845454432839
"16",4,"Stable","Ctl","tau",53.5994911617636,-144.7076490691,0,302.784521593536,293.4152981382,-19.6779774906943
"17",4,"Stable","Ctl","sigma_ctl",9.92403030824333,-144.7076490691,0,302.784521593536,293.4152981382,-19.6779774906943
"18",4,"Stable","RTF","tau0",52.4537840434236,-163.385626559794,0,346.825088302592,332.771253119588,-19.6779774906943
"19",4,"Stable","RTF","sigma_rtf",11.7460259726215,-163.385626559794,0,346.825088302592,332.771253119588,-19.6779774906943
"20",4,"Stable","RTF","nk",92,-163.385626559794,0,346.825088302592,332.771253119588,-19.6779774906943
"21",5,"Decreasing","Ctl","tau",32.5015274552172,-168.34577656312,0,350.060776581577,340.691553126241,37.2669963532842
"22",5,"Decreasing","Ctl","sigma_ctl",8.25469667648861,-168.34577656312,0,350.060776581577,340.691553126241,37.2669963532842
"23",5,"Decreasing","RTF","tau0",41.3848049412938,-130.078780209836,0,280.211395602676,266.157560419673,37.2669963532842
"24",5,"Decreasing","RTF","sigma_rtf",8.38033997472422,-130.078780209836,0,280.211395602676,266.157560419673,37.2669963532842
"25",5,"Decreasing","RTF","nk",95,-130.078780209836,0,280.211395602676,266.157560419673,37.2669963532842
"26",6,"Stable","Ctl","tau",39.8421618024089,-107.929061997586,0,229.227347450508,219.858123995172,-2.69023972522017
"27",6,"Stable","Ctl","sigma_ctl",8.6746051719311,-107.929061997586,0,229.227347450508,219.858123995172,-2.69023972522017
"28",6,"Stable","RTF","tau0",39.2899590301059,-109.619301722806,0,239.292438628616,225.238603445613,-2.69023972522017
"29",6,"Stable","RTF","sigma_rtf",9.01316107453546,-109.619301722806,0,239.292438628616,225.238603445613,-2.69023972522017
"30",6,"Stable","RTF","nk",94,-109.619301722806,0,239.292438628616,225.238603445613,-2.69023972522017
"31",7,"Stable","Ctl","tau",35.8096480031255,-124.562651990013,0,262.494527435362,253.125303980026,-1.92789871801428
"32",7,"Stable","Ctl","sigma_ctl",8.84806709615762,-124.562651990013,0,262.494527435362,253.125303980026,-1.92789871801428
"33",7,"Stable","RTF","tau0",34.3099234230616,-125.490550708027,0,271.034936599058,256.981101416055,-1.92789871801428
"34",7,"Stable","RTF","sigma_rtf",9.37874840417409,-125.490550708027,0,271.034936599058,256.981101416055,-1.92789871801428
"35",7,"Stable","RTF","nk",24,-125.490550708027,0,271.034936599058,256.981101416055,-1.92789871801428
"36",8,"Stable","Ctl","tau",20.5621348672375,-104.991742308873,0,223.352708073083,213.983484617747,-0.344777683619057
"37",8,"Stable","Ctl","sigma_ctl",7.29124038355639,-104.991742308873,0,223.352708073083,213.983484617747,-0.344777683619057
"38",8,"Stable","RTF","tau0",19.0008912901895,-104.336519992492,0,228.726875167989,214.673039984985,-0.344777683619057
"39",8,"Stable","RTF","sigma_rtf",7.75624305428433,-104.336519992492,0,228.726875167989,214.673039984985,-0.344777683619057
"40",8,"Stable","RTF","nk",83,-104.336519992492,0,228.726875167989,214.673039984985,-0.344777683619057
"41",9,"Decreasing","Ctl","tau",25.4832924341431,-160.983218402868,0,335.335660261073,325.966436805737,8.76210349873512
"42",9,"Decreasing","Ctl","sigma_ctl",7.46632155265908,-160.983218402868,0,335.335660261073,325.966436805737,8.76210349873512
"43",9,"Decreasing","RTF","tau0",31.5285514288092,-151.221114904133,0,322.49606499127,308.442229808267,8.76210349873512
"44",9,"Decreasing","RTF","sigma_rtf",9.28989603337473,-151.221114904133,0,322.49606499127,308.442229808267,8.76210349873512
"45",9,"Decreasing","RTF","nk",69,-151.221114904133,0,322.49606499127,308.442229808267,8.76210349873512
"46",10,"Stable","Ctl","tau",39.6874380110495,-156.064424075026,0,325.498071605388,316.128848150052,-5.72643182065428
"47",10,"Stable","Ctl","sigma_ctl",11.5263531383297,-156.064424075026,0,325.498071605388,316.128848150052,-5.72643182065428
"48",10,"Stable","RTF","tau0",38.5126487508834,-160.79085589568,0,341.635546974364,327.581711791361,-5.72643182065428
"49",10,"Stable","RTF","sigma_rtf",12.1330723169666,-160.79085589568,0,341.635546974364,327.581711791361,-5.72643182065428
"50",10,"Stable","RTF","nk",91,-160.79085589568,0,341.635546974364,327.581711791361,-5.72643182065428
"51",11,"Decreasing","Ctl","tau",36.8462682973653,-128.294911656619,0,269.959046768574,260.589823313238,-89.2855897811421
"52",11,"Decreasing","Ctl","sigma_ctl",6.0020959220743,-128.294911656619,0,269.959046768574,260.589823313238,-89.2855897811421
"53",11,"Decreasing","RTF","tau0",47.586566302149,-216.580501437761,0,453.214838058526,439.161002875523,-89.2855897811421
"54",11,"Decreasing","RTF","sigma_rtf",13.0979172649567,-216.580501437761,0,453.214838058526,439.161002875523,-89.2855897811421
"55",11,"Decreasing","RTF","nk",97,-216.580501437761,0,453.214838058526,439.161002875523,-89.2855897811421
"56",12,"Stable","Ctl","tau",51.65058178573,-152.376971744402,0,318.123166944141,308.753943488805,-6.70063478114903
"57",12,"Stable","Ctl","sigma_ctl",10.7189361661135,-152.376971744402,0,318.123166944141,308.753943488805,-6.70063478114903
"58",12,"Stable","RTF","tau0",50.7646967106449,-158.077606525552,0,336.209048234107,322.155213051103,-6.70063478114903
"59",12,"Stable","RTF","sigma_rtf",11.7111651008073,-158.077606525552,0,336.209048234107,322.155213051103,-6.70063478114903
"60",12,"Stable","RTF","nk",97,-158.077606525552,0,336.209048234107,322.155213051103,-6.70063478114903
"61",13,"Stable","Ctl","tau",36.0247908689669,-202.50713566358,0,418.383494782495,409.014271327159,4.24509171357968
"62",13,"Stable","Ctl","sigma_ctl",15.5072079202553,-202.50713566358,0,418.383494782495,409.014271327159,4.24509171357968
"63",13,"Stable","RTF","tau0",34.675611459486,-197.26204395,0,414.577923083003,400.5240879,4.24509171357968
"64",13,"Stable","RTF","sigma_rtf",16.0681719463206,-197.26204395,0,414.577923083003,400.5240879,4.24509171357968
"65",13,"Stable","RTF","nk",11,-197.26204395,0,414.577923083003,400.5240879,4.24509171357968
"66",14,"Decreasing","Ctl","tau",20.0126310204728,-164.2096774427,0,341.788578340735,332.419354885399,16.4180700507409
"67",14,"Decreasing","Ctl","sigma_ctl",8.43998109359154,-164.2096774427,0,341.788578340735,332.419354885399,16.4180700507409
"68",14,"Decreasing","RTF","tau0",24.9560428842622,-146.791607391959,0,313.637049966921,299.583214783918,16.4180700507409
"69",14,"Decreasing","RTF","sigma_rtf",9.95586973376646,-146.791607391959,0,313.637049966921,299.583214783918,16.4180700507409
"70",14,"Decreasing","RTF","nk",51,-146.791607391959,0,313.637049966921,299.583214783918,16.4180700507409
"71",15,"Decreasing","Ctl","tau",25.7186783409951,-271.724367281675,0,556.817958018685,547.448734563349,36.1376837093312
"72",15,"Decreasing","Ctl","sigma_ctl",14.3212297936345,-271.724367281675,0,556.817958018685,547.448734563349,36.1376837093312
"73",15,"Decreasing","RTF","tau0",32.474719238764,-234.586683572343,0,489.22720232769,475.173367144687,36.1376837093312
"74",15,"Decreasing","RTF","sigma_rtf",15.4411864027518,-234.586683572343,0,489.22720232769,475.173367144687,36.1376837093312
"75",15,"Decreasing","RTF","nk",50,-234.586683572343,0,489.22720232769,475.173367144687,36.1376837093312
"76",16,"Decreasing","Ctl","tau",37.0823555568135,-195.082331801671,0,403.533887058678,394.164663603342,-21.3897055344164
"77",16,"Decreasing","Ctl","sigma_ctl",10.160161922282,-195.082331801671,0,403.533887058678,394.164663603342,-21.3897055344164
"78",16,"Decreasing","RTF","tau0",46.6617645622648,-215.472037336087,0,450.997909855178,436.944074672175,-21.3897055344164
"79",16,"Decreasing","RTF","sigma_rtf",13.9024966629746,-215.472037336087,0,450.997909855178,436.944074672175,-21.3897055344164
"80",16,"Decreasing","RTF","nk",99,-215.472037336087,0,450.997909855178,436.944074672175,-21.3897055344164
"81",17,"Decreasing","Ctl","tau",36.2779622680901,-179.14767948969,0,371.664582434717,362.295358979381,22.8471312974391
"82",17,"Decreasing","Ctl","sigma_ctl",8.41785587739458,-179.14767948969,0,371.664582434717,362.295358979381,22.8471312974391
"83",17,"Decreasing","RTF","tau0",46.5224343612295,-155.300548192251,0,330.654931567506,316.601096384503,22.8471312974391
"84",17,"Decreasing","RTF","sigma_rtf",9.47579524489294,-155.300548192251,0,330.654931567506,316.601096384503,22.8471312974391
"85",17,"Decreasing","RTF","nk",90,-155.300548192251,0,330.654931567506,316.601096384503,22.8471312974391
"86",18,"Decreasing","Ctl","tau",48.5579441473849,-308.930503216221,0,631.230229887777,621.861006432441,1.94505277843376
"87",18,"Decreasing","Ctl","sigma_ctl",22.1148892538179,-308.930503216221,0,631.230229887777,621.861006432441,1.94505277843376
"88",18,"Decreasing","RTF","tau0",61.1770200511739,-305.985450437787,0,632.024736058578,617.970900875574,1.94505277843376
"89",18,"Decreasing","RTF","sigma_rtf",25.8529312505762,-305.985450437787,0,632.024736058578,617.970900875574,1.94505277843376
"90",18,"Decreasing","RTF","nk",57,-305.985450437787,0,632.024736058578,617.970900875574,1.94505277843376
"91",19,"Stable","Ctl","tau",49.570915974331,-168.427342764,0,350.223908983335,340.854685527999,-12.1639087736382
"92",19,"Stable","Ctl","sigma_ctl",12.6164843173604,-168.427342764,0,350.223908983335,340.854685527999,-12.1639087736382
"93",19,"Stable","RTF","tau0",48.4433178983617,-179.591251537638,0,379.236338258279,365.182503075276,-12.1639087736382
"94",19,"Stable","RTF","sigma_rtf",13.8745650314518,-179.591251537638,0,379.236338258279,365.182503075276,-12.1639087736382
"95",19,"Stable","RTF","nk",82,-179.591251537638,0,379.236338258279,365.182503075276,-12.1639087736382
"96",20,"Decreasing","Ctl","tau",36.8865653742335,-138.295050459186,0,289.959324373708,280.590100918372,-16.0943341446426
"97",20,"Decreasing","Ctl","sigma_ctl",6.92115428300074,-138.295050459186,0,289.959324373708,280.590100918372,-16.0943341446426
"98",20,"Decreasing","RTF","tau0",47.0348953788779,-153.389384603829,0,326.832604390661,312.778769207658,-16.0943341446426
"99",20,"Decreasing","RTF","sigma_rtf",9.10448829556241,-153.389384603829,0,326.832604390661,312.778769207658,-16.0943341446426
"100",20,"Decreasing","RTF","nk",71,-153.389384603829,0,326.832604390661,312.778769207658,-16.0943341446426
"101",21,"Stable","Ctl","tau",36.4420748445445,-359.344602982224,0,732.058429419784,722.689205964449,-2.69950944179482
"102",21,"Stable","Ctl","sigma_ctl",29.9643574838815,-359.344602982224,0,732.058429419784,722.689205964449,-2.69950944179482
"103",21,"Stable","RTF","tau0",35.3906278251058,-361.044112424019,0,742.142060031042,728.088224848038,-2.69950944179482
"104",21,"Stable","RTF","sigma_rtf",30.8718091087262,-361.044112424019,0,742.142060031042,728.088224848038,-2.69950944179482
"105",21,"Stable","RTF","nk",83,-361.044112424019,0,742.142060031042,728.088224848038,-2.69950944179482
"106",22,"Stable","Ctl","tau",52.34724290784,-110.353251880486,0,234.075727216309,224.706503760973,-24.9498095673265
"107",22,"Stable","Ctl","sigma_ctl",8.19529049056175,-110.353251880486,0,234.075727216309,224.706503760973,-24.9498095673265
"108",22,"Stable","RTF","tau0",51.3005553797126,-134.303061447813,0,288.65995807863,274.606122895626,-24.9498095673265
"109",22,"Stable","RTF","sigma_rtf",10.3901907239196,-134.303061447813,0,288.65995807863,274.606122895626,-24.9498095673265
"110",22,"Stable","RTF","nk",39,-134.303061447813,0,288.65995807863,274.606122895626,-24.9498095673265
"111",23,"Decreasing","Ctl","tau",32.9394623307799,-110.691086637846,0,234.751396731027,225.382173275691,-39.9082553956645
"112",23,"Decreasing","Ctl","sigma_ctl",5.05284641039724,-110.691086637846,0,234.751396731027,225.382173275691,-39.9082553956645
"113",23,"Decreasing","RTF","tau0",43.2030955895002,-149.59934203351,0,319.252519250024,305.19868406702,-39.9082553956645
"114",23,"Decreasing","RTF","sigma_rtf",9.78958075343287,-149.59934203351,0,319.252519250024,305.19868406702,-39.9082553956645
"115",23,"Decreasing","RTF","nk",93,-149.59934203351,0,319.252519250024,305.19868406702,-39.9082553956645
"116",24,"Stable","Ctl","tau",42.3066615422639,-276.067380124454,0,565.503983704245,556.134760248909,-2.87725143238112
"117",24,"Stable","Ctl","sigma_ctl",20.0578601942022,-276.067380124454,0,565.503983704245,556.134760248909,-2.87725143238112
"118",24,"Stable","RTF","tau0",41.7035467385617,-277.944631556836,0,575.943098296675,561.889263113671,-2.87725143238112
"119",24,"Stable","RTF","sigma_rtf",20.9316052629647,-277.944631556836,0,575.943098296675,561.889263113671,-2.87725143238112
"120",24,"Stable","RTF","nk",49,-277.944631556836,0,575.943098296675,561.889263113671,-2.87725143238112
"121",25,"Stable","Ctl","tau",36.8623496390548,-195.24670552555,0,403.862634506435,394.493411051099,2.35603045954315
"122",25,"Stable","Ctl","sigma_ctl",14.9442910436958,-195.24670552555,0,403.862634506435,394.493411051099,2.35603045954315
"123",25,"Stable","RTF","tau0",35.7786001388677,-191.890675066006,0,403.835185315017,389.781350132013,2.35603045954315
"124",25,"Stable","RTF","sigma_rtf",15.6136332438744,-191.890675066006,0,403.835185315017,389.781350132013,2.35603045954315
"125",25,"Stable","RTF","nk",43,-191.890675066006,0,403.835185315017,389.781350132013,2.35603045954315
"126",26,"Decreasing","Ctl","tau",38.9458249810696,-211.020048856353,0,435.409321168042,426.040097712706,37.6618198683873
"127",26,"Decreasing","Ctl","sigma_ctl",11.9905017947439,-211.020048856353,0,435.409321168042,426.040097712706,37.6618198683873
"128",26,"Decreasing","RTF","tau0",49.9250634864107,-172.358228987966,0,364.770293158935,350.716457975931,37.6618198683873
"129",26,"Decreasing","RTF","sigma_rtf",11.7247727567343,-172.358228987966,0,364.770293158935,350.716457975931,37.6618198683873
"130",26,"Decreasing","RTF","nk",58,-172.358228987966,0,364.770293158935,350.716457975931,37.6618198683873
"131",27,"Decreasing","Ctl","tau",26.461808830668,-85.7680360899569,0,184.90529563525,175.536072179914,-26.1204911723118
"132",27,"Decreasing","Ctl","sigma_ctl",4.15173882870052,-85.7680360899569,0,184.90529563525,175.536072179914,-26.1204911723118
"133",27,"Decreasing","RTF","tau0",33.0300130367003,-110.888527262269,0,241.830889707541,227.777054524537,-26.1204911723118
"134",27,"Decreasing","RTF","sigma_rtf",6.79871121029963,-110.888527262269,0,241.830889707541,227.777054524537,-26.1204911723118
"135",27,"Decreasing","RTF","nk",90,-110.888527262269,0,241.830889707541,227.777054524537,-26.1204911723118
"136",28,"Decreasing","Ctl","tau",39.4990520496981,-171.418635291976,0,356.206494039288,346.837270583952,14.0556652702585
"137",28,"Decreasing","Ctl","sigma_ctl",7.92513761343494,-171.418635291976,0,356.206494039288,346.837270583952,14.0556652702585
"138",28,"Decreasing","RTF","tau0",51.003584514809,-156.362970021717,0,332.779775226439,318.725940043435,14.0556652702585
"139",28,"Decreasing","RTF","sigma_rtf",10.2268915676511,-156.362970021717,0,332.779775226439,318.725940043435,14.0556652702585
"140",28,"Decreasing","RTF","nk",92,-156.362970021717,0,332.779775226439,318.725940043435,14.0556652702585
"141",29,"Decreasing","Ctl","tau",27.8859600189972,-305.539899187981,0,624.449021831298,615.079798375962,67.3823844527979
"142",29,"Decreasing","Ctl","sigma_ctl",16.2450168925531,-305.539899187981,0,624.449021831298,615.079798375962,67.3823844527979
"143",29,"Decreasing","RTF","tau0",35.6741067023512,-237.157514735183,0,494.36886465337,480.315029470366,67.3823844527979
"144",29,"Decreasing","RTF","sigma_rtf",15.5159400599989,-237.157514735183,0,494.36886465337,480.315029470366,67.3823844527979
"145",29,"Decreasing","RTF","nk",39,-237.157514735183,0,494.36886465337,480.315029470366,67.3823844527979
"146",30,"Decreasing","Ctl","tau",50.1032391185133,-130.841293665524,0,275.051810786384,265.682587331048,-41.0383372768517
"147",30,"Decreasing","Ctl","sigma_ctl",8.86802823207987,-130.841293665524,0,275.051810786384,265.682587331048,-41.0383372768517
"148",30,"Decreasing","RTF","tau0",63.0988246070051,-170.879630942376,0,361.813097067755,347.759261884751,-41.0383372768517
"149",30,"Decreasing","RTF","sigma_rtf",12.6797331658437,-170.879630942376,0,361.813097067755,347.759261884751,-41.0383372768517
"150",30,"Decreasing","RTF","nk",100,-170.879630942376,0,361.813097067755,347.759261884751,-41.0383372768517
"151",31,"Decreasing","Ctl","tau",28.322464045089,-220.638478050416,0,454.646179556168,445.276956100832,70.5544960399142
"152",31,"Decreasing","Ctl","sigma_ctl",10.0977431775369,-220.638478050416,0,454.646179556168,445.276956100832,70.5544960399142
"153",31,"Decreasing","RTF","tau0",35.0473609228061,-149.083982010502,0,318.221799204008,304.167964021004,70.5544960399142
"154",31,"Decreasing","RTF","sigma_rtf",9.15505848208234,-149.083982010502,0,318.221799204008,304.167964021004,70.5544960399142
"155",31,"Decreasing","RTF","nk",100,-149.083982010502,0,318.221799204008,304.167964021004,70.5544960399142
"156",32,"Decreasing","Ctl","tau",23.4555514954785,-109.534833532031,0,232.438890519399,223.069667064063,0.442877200925764
"157",32,"Decreasing","Ctl","sigma_ctl",4.79979323508821,-109.534833532031,0,232.438890519399,223.069667064063,0.442877200925764
"158",32,"Decreasing","RTF","tau0",28.4725082579448,-108.091956331106,0,236.237747845215,222.183912662211,0.442877200925764
"159",32,"Decreasing","RTF","sigma_rtf",6.40306869367631,-108.091956331106,0,236.237747845215,222.183912662211,0.442877200925764
"160",32,"Decreasing","RTF","nk",74,-108.091956331106,0,236.237747845215,222.183912662211,0.442877200925764
"161",33,"Stable","Ctl","tau",35.6013285538295,-122.61478692866,0,258.598797312656,249.229573857321,0.659039005051667
"162",33,"Stable","Ctl","sigma_ctl",8.78277488006238,-122.61478692866,0,258.598797312656,249.229573857321,0.659039005051667
"163",33,"Stable","RTF","tau0",33.9921007943188,-120.955747923609,0,261.965331030221,247.911495847217,0.659039005051667
"164",33,"Stable","RTF","sigma_rtf",8.93848044699821,-120.955747923609,0,261.965331030221,247.911495847217,0.659039005051667
"165",33,"Stable","RTF","nk",53,-120.955747923609,0,261.965331030221,247.911495847217,0.659039005051667
"166",34,"Decreasing","Ctl","tau",35.6867164902903,-139.363848644169,0,292.096920743675,282.727697288339,-43.0106545209307
"167",34,"Decreasing","Ctl","sigma_ctl",6.45287968593261,-139.363848644169,0,292.096920743675,282.727697288339,-43.0106545209307
"168",34,"Decreasing","RTF","tau0",46.8210300080531,-181.3745031651,0,382.802841513204,368.7490063302,-43.0106545209307
"169",34,"Decreasing","RTF","sigma_rtf",11.767284890244,-181.3745031651,0,382.802841513204,368.7490063302,-43.0106545209307
"170",34,"Decreasing","RTF","nk",97,-181.3745031651,0,382.802841513204,368.7490063302,-43.0106545209307
"171",35,"Decreasing","Ctl","tau",34.8514913200502,-152.190572422287,0,317.750368299909,308.381144844573,-11.02909451106
"172",35,"Decreasing","Ctl","sigma_ctl",7.63523766488622,-152.190572422287,0,317.750368299909,308.381144844573,-11.02909451106
"173",35,"Decreasing","RTF","tau0",46.3714586879501,-162.219666933347,0,344.493169049697,330.439333866693,-11.02909451106
"174",35,"Decreasing","RTF","sigma_rtf",11.3526293270409,-162.219666933347,0,344.493169049697,330.439333866693,-11.02909451106
"175",35,"Decreasing","RTF","nk",51,-162.219666933347,0,344.493169049697,330.439333866693,-11.02909451106
"176",36,"Stable","Ctl","tau",34.0939048825202,-280.818392189501,0,575.006007834337,565.636784379001,-7.05841139755734
"177",36,"Stable","Ctl","sigma_ctl",22.202041820591,-280.818392189501,0,575.006007834337,565.636784379001,-7.05841139755734
"178",36,"Stable","RTF","tau0",32.2669511368487,-286.876803587058,0,593.80744235712,579.753607174116,-7.05841139755734
"179",36,"Stable","RTF","sigma_rtf",23.5041741458538,-286.876803587058,0,593.80744235712,579.753607174116,-7.05841139755734
"180",36,"Stable","RTF","nk",35,-286.876803587058,0,593.80744235712,579.753607174116,-7.05841139755734
"181",37,"Stable","Ctl","tau",103.961087362539,-251.265710390241,0,515.900644235818,506.531420780483,-3.32291455106011
"182",37,"Stable","Ctl","sigma_ctl",37.3127684250738,-251.265710390241,0,515.900644235818,506.531420780483,-3.32291455106011
"183",37,"Stable","RTF","tau0",104.508005090445,-253.588624941301,0,527.231085065607,513.177249882603,-3.32291455106011
"184",37,"Stable","RTF","sigma_rtf",39.2384229522206,-253.588624941301,0,527.231085065607,513.177249882603,-3.32291455106011
"185",37,"Stable","RTF","nk",8,-253.588624941301,0,527.231085065607,513.177249882603,-3.32291455106011
"186",38,"Stable","Ctl","tau",34.0035876093217,-84.894693756411,0,183.158610968158,173.789387512822,-16.2964943149603
"187",38,"Stable","Ctl","sigma_ctl",5.9700432780636,-84.894693756411,0,183.158610968158,173.789387512822,-16.2964943149603
"188",38,"Stable","RTF","tau0",32.9605393907424,-100.191188071371,0,220.436211325746,206.382376142743,-16.2964943149603
"189",38,"Stable","RTF","sigma_rtf",7.6604976038167,-100.191188071371,0,220.436211325746,206.382376142743,-16.2964943149603
"190",38,"Stable","RTF","nk",76,-100.191188071371,0,220.436211325746,206.382376142743,-16.2964943149603
"191",39,"Stable","Ctl","tau",44.3879665101122,-224.384652674493,0,462.138528804322,452.769305348986,-0.476049494718922
"192",39,"Stable","Ctl","sigma_ctl",16.4403123003158,-224.384652674493,0,462.138528804322,452.769305348986,-0.476049494718922
"193",39,"Stable","RTF","tau0",43.4985228728624,-223.860702169212,0,467.775239521427,453.721404338424,-0.476049494718922
"194",39,"Stable","RTF","sigma_rtf",16.8196795773126,-223.860702169212,0,467.775239521427,453.721404338424,-0.476049494718922
"195",39,"Stable","RTF","nk",80,-223.860702169212,0,467.775239521427,453.721404338424,-0.476049494718922
"196",40,"Decreasing","Ctl","tau",40.5624514566968,-292.628688994669,0,598.626601444673,589.257377989338,5.51848882016026
"197",40,"Decreasing","Ctl","sigma_ctl",17.7374726034738,-292.628688994669,0,598.626601444673,589.257377989338,5.51848882016026
"198",40,"Decreasing","RTF","tau0",49.8111679180095,-286.110200174509,0,592.274235532021,578.220400349017,5.51848882016026
"199",40,"Decreasing","RTF","sigma_rtf",19.1849764959934,-286.110200174509,0,592.274235532021,578.220400349017,5.51848882016026
"200",40,"Decreasing","RTF","nk",69,-286.110200174509,0,592.274235532021,578.220400349017,5.51848882016026
"201",41,"Stable","Ctl","tau",43.5258932693354,-117.831280234057,0,249.031783923451,239.662560468115,-4.26839027257419
"202",41,"Stable","Ctl","sigma_ctl",8.48106361025227,-117.831280234057,0,249.031783923451,239.662560468115,-4.26839027257419
"203",41,"Stable","RTF","tau0",42.3575974274461,-121.099670506632,0,262.253176196267,248.199341013263,-4.26839027257419
"204",41,"Stable","RTF","sigma_rtf",9.39978380336058,-121.099670506632,0,262.253176196267,248.199341013263,-4.26839027257419
"205",41,"Stable","RTF","nk",16,-121.099670506632,0,262.253176196267,248.199341013263,-4.26839027257419
"206",42,"Decreasing","Ctl","tau",30.6708085176738,-145.860715187005,0,305.090653829347,295.721430374011,-13.7387282179334
"207",42,"Decreasing","Ctl","sigma_ctl",6.42915589633978,-145.860715187005,0,305.090653829347,295.721430374011,-13.7387282179334
"208",42,"Decreasing","RTF","tau0",39.992197494039,-158.599443404939,0,337.252721992881,323.198886809877,-13.7387282179334
"209",42,"Decreasing","RTF","sigma_rtf",9.76068341802889,-158.599443404939,0,337.252721992881,323.198886809877,-13.7387282179334
"210",42,"Decreasing","RTF","nk",90,-158.599443404939,0,337.252721992881,323.198886809877,-13.7387282179334
"211",43,"Stable","Ctl","tau",35.3201628125582,-120.221701472504,0,253.812626400344,244.443402945009,-14.1313089699536
"212",43,"Stable","Ctl","sigma_ctl",8.52596451363797,-120.221701472504,0,253.812626400344,244.443402945009,-14.1313089699536
"213",43,"Stable","RTF","tau0",34.4356557999222,-133.353010442458,0,286.759856067919,272.706020884916,-14.1313089699536
"214",43,"Stable","RTF","sigma_rtf",9.81240608518788,-133.353010442458,0,286.759856067919,272.706020884916,-14.1313089699536
"215",43,"Stable","RTF","nk",56,-133.353010442458,0,286.759856067919,272.706020884916,-14.1313089699536
"216",44,"Stable","Ctl","tau",26.9616524249082,-137.29849857227,0,287.966220599877,278.596997144541,-6.16285915504864
"217",44,"Stable","Ctl","sigma_ctl",10.9649298740449,-137.29849857227,0,287.966220599877,278.596997144541,-6.16285915504864
"218",44,"Stable","RTF","tau0",25.1892737363612,-142.461357727319,0,304.976550637642,290.922715454638,-6.16285915504864
"219",44,"Stable","RTF","sigma_rtf",11.3501698479432,-142.461357727319,0,304.976550637642,290.922715454638,-6.16285915504864
"220",44,"Stable","RTF","nk",75,-142.461357727319,0,304.976550637642,290.922715454638,-6.16285915504864
"221",45,"Decreasing","Ctl","tau",39.0822722321417,-292.515737396618,0,598.400698248572,589.031474793236,61.9904939638937
"222",45,"Decreasing","Ctl","sigma_ctl",17.2888295958921,-292.515737396618,0,598.400698248572,589.031474793236,61.9904939638937
"223",45,"Decreasing","RTF","tau0",47.0755067294992,-229.525243432724,0,479.104322048453,465.050486865449,61.9904939638937
"224",45,"Decreasing","RTF","sigma_rtf",15.1677677910747,-229.525243432724,0,479.104322048453,465.050486865449,61.9904939638937
"225",45,"Decreasing","RTF","nk",52,-229.525243432724,0,479.104322048453,465.050486865449,61.9904939638937
"226",46,"Stable","Ctl","tau",56.4806434045613,-303.675289945617,0,620.719803346569,611.350579891234,-4.29745765764068
"227",46,"Stable","Ctl","sigma_ctl",22.3589273014897,-303.675289945617,0,620.719803346569,611.350579891234,-4.29745765764068
"228",46,"Stable","RTF","tau0",56.2007007344967,-306.972747603257,0,633.999330389519,619.945495206515,-4.29745765764068
"229",46,"Stable","RTF","sigma_rtf",23.005166163049,-306.972747603257,0,633.999330389519,619.945495206515,-4.29745765764068
"230",46,"Stable","RTF","nk",32,-306.972747603257,0,633.999330389519,619.945495206515,-4.29745765764068
"231",47,"Stable","Ctl","tau",30.6462850459005,-171.97076781928,0,357.310759093896,347.94153563856,3.64630994124047
"232",47,"Stable","Ctl","sigma_ctl",12.7978831115923,-171.97076781928,0,357.310759093896,347.94153563856,3.64630994124047
"233",47,"Stable","RTF","tau0",30.024668683294,-167.32445787804,0,354.702750939083,340.64891575608,3.64630994124047
"234",47,"Stable","RTF","sigma_rtf",13.0339855610734,-167.32445787804,0,354.702750939083,340.64891575608,3.64630994124047
"235",47,"Stable","RTF","nk",91,-167.32445787804,0,354.702750939083,340.64891575608,3.64630994124047
"236",48,"Decreasing","Ctl","tau",28.1356508873771,-180.816486612326,0,375.002196679988,365.632973224652,58.6922631562608
"237",48,"Decreasing","Ctl","sigma_ctl",7.76069580603214,-180.816486612326,0,375.002196679988,365.632973224652,58.6922631562608
"238",48,"Decreasing","RTF","tau0",35.2339178327033,-121.124223456065,0,262.302282095134,248.24844691213,58.6922631562608
"239",48,"Decreasing","RTF","sigma_rtf",7.47924651169957,-121.124223456065,0,262.302282095134,248.24844691213,58.6922631562608
"240",48,"Decreasing","RTF","nk",95,-121.124223456065,0,262.302282095134,248.24844691213,58.6922631562608
"241",49,"Stable","Ctl","tau",51.0291480832065,-266.153701781987,0,545.676627019309,536.307403563973,5.54927747934437
"242",49,"Stable","Ctl","sigma_ctl",19.0012767855889,-266.153701781987,0,545.676627019309,536.307403563973,5.54927747934437
"243",49,"Stable","RTF","tau0",50.4780909681354,-259.604424302642,0,539.262683788289,525.208848605285,5.54927747934437
"244",49,"Stable","RTF","sigma_rtf",18.8657055680797,-259.604424302642,0,539.262683788289,525.208848605285,5.54927747934437
"245",49,"Stable","RTF","nk",22,-259.604424302642,0,539.262683788289,525.208848605285,5.54927747934437
"246",50,"Decreasing","Ctl","tau",17.9480595371192,-182.224993268412,0,377.81920999216,368.449986536824,-12.3584619703383
"247",50,"Decreasing","Ctl","sigma_ctl",8.75310407435361,-182.224993268412,0,377.81920999216,368.449986536824,-12.3584619703383
"248",50,"Decreasing","RTF","tau0",22.7058260566412,-193.58345523875,0,407.220745660504,393.1669104775,-12.3584619703383
"249",50,"Decreasing","RTF","sigma_rtf",12.7037874697573,-193.58345523875,0,407.220745660504,393.1669104775,-12.3584619703383
"250",50,"Decreasing","RTF","nk",100,-193.58345523875,0,407.220745660504,393.1669104775,-12.3584619703383
"251",51,"Stable","Ctl","tau",43.4526236051506,-221.466967882753,0,456.303159220841,446.933935765505,-5.24922644958312
"252",51,"Stable","Ctl","sigma_ctl",16.0466252102852,-221.466967882753,0,456.303159220841,446.933935765505,-5.24922644958312
"253",51,"Stable","RTF","tau0",42.5164335552348,-225.716194332336,0,471.486223847675,457.432388664672,-5.24922644958312
"254",51,"Stable","RTF","sigma_rtf",16.9973855223338,-225.716194332336,0,471.486223847675,457.432388664672,-5.24922644958312
"255",51,"Stable","RTF","nk",52,-225.716194332336,0,471.486223847675,457.432388664672,-5.24922644958312
"256",52,"Decreasing","Ctl","tau",38.8144437591361,-261.849119738585,0,537.067462932506,527.69823947717,45.2351099568006
"257",52,"Decreasing","Ctl","sigma_ctl",13.5497179783618,-261.849119738585,0,537.067462932506,527.69823947717,45.2351099568006
"258",52,"Decreasing","RTF","tau0",47.7759182338594,-215.614009781784,0,451.281854746572,437.228019563569,45.2351099568006
"259",52,"Decreasing","RTF","sigma_rtf",13.4819013302976,-215.614009781784,0,451.281854746572,437.228019563569,45.2351099568006
"260",52,"Decreasing","RTF","nk",52,-215.614009781784,0,451.281854746572,437.228019563569,45.2351099568006
"261",54,"Decreasing","Ctl","tau",37.4535230425306,-117.595945775034,0,248.561115005403,239.191891550067,-37.5962027444036
"262",54,"Decreasing","Ctl","sigma_ctl",5.08630787880114,-117.595945775034,0,248.561115005403,239.191891550067,-37.5962027444036
"263",54,"Decreasing","RTF","tau0",47.6918334293267,-154.192148519437,0,328.438132221878,314.384297038874,-37.5962027444036
"264",54,"Decreasing","RTF","sigma_rtf",9.36802813514429,-154.192148519437,0,328.438132221878,314.384297038874,-37.5962027444036
"265",54,"Decreasing","RTF","nk",99,-154.192148519437,0,328.438132221878,314.384297038874,-37.5962027444036
"266",55,"Decreasing","Ctl","tau",89.9019618067165,-487.450594342168,0,988.270412139672,978.901188684336,2.63899997112929
"267",55,"Decreasing","Ctl","sigma_ctl",109.737108195669,-487.450594342168,0,988.270412139672,978.901188684336,2.63899997112929
"268",55,"Decreasing","RTF","tau0",94.2459744751628,-483.811594371039,0,987.677023925081,973.623188742077,2.63899997112929
"269",55,"Decreasing","RTF","sigma_rtf",104.41472975878,-483.811594371039,0,987.677023925081,973.623188742077,2.63899997112929
"270",55,"Decreasing","RTF","nk",26,-483.811594371039,0,987.677023925081,973.623188742077,2.63899997112929
"271",56,"Stable","Ctl","tau",38.4524640911033,-138.946257881227,0,291.26173921779,281.892515762454,-14.5046003578322
"272",56,"Stable","Ctl","sigma_ctl",10.430621761788,-138.946257881227,0,291.26173921779,281.892515762454,-14.5046003578322
"273",56,"Stable","RTF","tau0",38.3452977570902,-152.450858239059,0,324.955551661123,310.901716478119,-14.5046003578322
"274",56,"Stable","RTF","sigma_rtf",11.6598825511397,-152.450858239059,0,324.955551661123,310.901716478119,-14.5046003578322
"275",56,"Stable","RTF","nk",89,-152.450858239059,0,324.955551661123,310.901716478119,-14.5046003578322
"276",57,"Decreasing","Ctl","tau",29.5060621660699,-263.311588819082,0,539.9924010935,530.623177638164,2.68827707429273
"277",57,"Decreasing","Ctl","sigma_ctl",12.7908603290142,-263.311588819082,0,539.9924010935,530.623177638164,2.68827707429273
"278",57,"Decreasing","RTF","tau0",37.3288572279415,-259.623311744789,0,539.300458672583,525.246623489579,2.68827707429273
"279",57,"Decreasing","RTF","sigma_rtf",16.4447364137351,-259.623311744789,0,539.300458672583,525.246623489579,2.68827707429273
"280",57,"Decreasing","RTF","nk",37,-259.623311744789,0,539.300458672583,525.246623489579,2.68827707429273
"281",58,"Stable","Ctl","tau",41.2539724220929,-205.499480374413,0,424.368184204162,414.998960748827,-6.58931403488549
"282",58,"Stable","Ctl","sigma_ctl",15.8583465853848,-205.499480374413,0,424.368184204162,414.998960748827,-6.58931403488549
"283",58,"Stable","RTF","tau0",40.2530486190775,-211.088794409299,0,442.231424001601,428.177588818598,-6.58931403488549
"284",58,"Stable","RTF","sigma_rtf",16.3404442421052,-211.088794409299,0,442.231424001601,428.177588818598,-6.58931403488549
"285",58,"Stable","RTF","nk",72,-211.088794409299,0,442.231424001601,428.177588818598,-6.58931403488549
"286",59,"Decreasing","Ctl","tau",32.3871765197887,-157.97591800226,0,329.321059459856,319.951836004521,16.6174277123386
"287",59,"Decreasing","Ctl","sigma_ctl",6.89860092554179,-157.97591800226,0,329.321059459856,319.951836004521,16.6174277123386
"288",59,"Decreasing","RTF","tau0",43.1301525155131,-140.358490289922,0,300.770815762847,286.716980579843,16.6174277123386
"289",59,"Decreasing","RTF","sigma_rtf",9.80315660429866,-140.358490289922,0,300.770815762847,286.716980579843,16.6174277123386
"290",59,"Decreasing","RTF","nk",59,-140.358490289922,0,300.770815762847,286.716980579843,16.6174277123386
"291",60,"Stable","Ctl","tau",51.7232714568372,-388.185624370323,0,789.740472195983,780.371248740647,-1.53729088281523
"292",60,"Stable","Ctl","sigma_ctl",31.3664343397871,-388.185624370323,0,789.740472195983,780.371248740647,-1.53729088281523
"293",60,"Stable","RTF","tau0",51.2772250062715,-388.722915253139,0,797.499665689281,783.445830506277,-1.53729088281523
"294",60,"Stable","RTF","sigma_rtf",31.7662643957838,-388.722915253139,0,797.499665689281,783.445830506277,-1.53729088281523
"295",60,"Stable","RTF","nk",53,-388.722915253139,0,797.499665689281,783.445830506277,-1.53729088281523
"296",61,"Stable","Ctl","tau",34.3373616619315,-131.662921123597,0,276.69506570253,267.325842247194,-8.47821961540956
"297",61,"Stable","Ctl","sigma_ctl",10.1689157154441,-131.662921123597,0,276.69506570253,267.325842247194,-8.47821961540956
"298",61,"Stable","RTF","tau0",33.3758525943839,-139.141140739006,0,298.336116661017,284.282281478013,-8.47821961540956
"299",61,"Stable","RTF","sigma_rtf",11.0147912030597,-139.141140739006,0,298.336116661017,284.282281478013,-8.47821961540956
"300",61,"Stable","RTF","nk",47,-139.141140739006,0,298.336116661017,284.282281478013,-8.47821961540956
"301",62,"Stable","Ctl","tau",33.5524448191803,-213.556565146327,0,440.48235374799,431.113130292654,-5.29828194242535
"302",62,"Stable","Ctl","sigma_ctl",16.0114436412165,-213.556565146327,0,440.48235374799,431.113130292654,-5.29828194242535
"303",62,"Stable","RTF","tau0",32.0089400568118,-217.854847088752,0,455.763529360508,441.709694177504,-5.29828194242535
"304",62,"Stable","RTF","sigma_rtf",17.4899031936438,-217.854847088752,0,455.763529360508,441.709694177504,-5.29828194242535
"305",62,"Stable","RTF","nk",89,-217.854847088752,0,455.763529360508,441.709694177504,-5.29828194242535
"306",63,"Stable","Ctl","tau",36.9752802026712,-151.798351973087,0,316.965927401511,307.596703946175,4.66541466644858
"307",63,"Stable","Ctl","sigma_ctl",11.5841558666067,-151.798351973087,0,316.965927401511,307.596703946175,4.66541466644858
"308",63,"Stable","RTF","tau0",35.951012209876,-146.132937306639,0,312.319709796281,298.265874613278,4.66541466644858
"309",63,"Stable","RTF","sigma_rtf",11.6273811336876,-146.132937306639,0,312.319709796281,298.265874613278,4.66541466644858
"310",63,"Stable","RTF","nk",69,-146.132937306639,0,312.319709796281,298.265874613278,4.66541466644858
"311",64,"Stable","Ctl","tau",31.1527041974418,-128.708432800479,0,270.786089056293,261.416865600958,-10.9197773692048
"312",64,"Stable","Ctl","sigma_ctl",9.53208954409206,-128.708432800479,0,270.786089056293,261.416865600958,-10.9197773692048
"313",64,"Stable","RTF","tau0",28.6075357873714,-138.628210169684,0,297.310255522371,283.256420339367,-10.9197773692048
"314",64,"Stable","RTF","sigma_rtf",11.4715261697061,-138.628210169684,0,297.310255522371,283.256420339367,-10.9197773692048
"315",64,"Stable","RTF","nk",74,-138.628210169684,0,297.310255522371,283.256420339367,-10.9197773692048
"316",65,"Stable","Ctl","tau",43.6344316831754,-117.599255081734,0,248.567733618805,239.198510163469,-8.05132274715979
"317",65,"Stable","Ctl","sigma_ctl",9.06696224692259,-117.599255081734,0,248.567733618805,239.198510163469,-8.05132274715979
"318",65,"Stable","RTF","tau0",42.4971614879476,-124.650577828894,0,269.354990840792,255.301155657789,-8.05132274715979
"319",65,"Stable","RTF","sigma_rtf",9.69785931999083,-124.650577828894,0,269.354990840792,255.301155657789,-8.05132274715979
"320",65,"Stable","RTF","nk",87,-124.650577828894,0,269.354990840792,255.301155657789,-8.05132274715979
"321",66,"Stable","Ctl","tau",37.3884823709282,-122.590090160115,0,258.549403775566,249.18018032023,-2.87531062046298
"322",66,"Stable","Ctl","sigma_ctl",8.00387369332334,-122.590090160115,0,258.549403775566,249.18018032023,-2.87531062046298
"323",66,"Stable","RTF","tau0",36.3607082912186,-124.465400780578,0,268.98463674416,254.930801561156,-2.87531062046298
"324",66,"Stable","RTF","sigma_rtf",8.8243343670373,-124.465400780578,0,268.98463674416,254.930801561156,-2.87531062046298
"325",66,"Stable","RTF","nk",57,-124.465400780578,0,268.98463674416,254.930801561156,-2.87531062046298
"326",70,"Decreasing","Ctl","tau",28.8330217399956,-212.333154902227,0,438.03553325979,428.666309804454,48.3163433643667
"327",70,"Decreasing","Ctl","sigma_ctl",10.7390440491466,-212.333154902227,0,438.03553325979,428.666309804454,48.3163433643667
"328",70,"Decreasing","RTF","tau0",36.7402364096055,-163.016811537861,0,346.087458258725,332.033623075721,48.3163433643667
"329",70,"Decreasing","RTF","sigma_rtf",10.8519430506187,-163.016811537861,0,346.087458258725,332.033623075721,48.3163433643667
"330",70,"Decreasing","RTF","nk",55,-163.016811537861,0,346.087458258725,332.033623075721,48.3163433643667
"331",101,"Decreasing","Ctl","tau",40.0723827301444,-190.620041115198,0,394.609305685732,385.240082230396,9.96446376180572
"332",101,"Decreasing","Ctl","sigma_ctl",9.94510846438171,-190.620041115198,0,394.609305685732,385.240082230396,9.96446376180572
"333",101,"Decreasing","RTF","tau0",50.3390985451863,-179.655577353392,0,379.364989889788,365.311154706785,9.96446376180572
"334",101,"Decreasing","RTF","sigma_rtf",11.7929571457735,-179.655577353392,0,379.364989889788,365.311154706785,9.96446376180572
"335",101,"Decreasing","RTF","nk",93,-179.655577353392,0,379.364989889788,365.311154706785,9.96446376180572
"336",102,"Decreasing","Ctl","tau",34.5319053699174,-125.114432944203,0,263.598089343741,254.228865888406,-24.4075801603657
"337",102,"Decreasing","Ctl","sigma_ctl",5.50169889661969,-125.114432944203,0,263.598089343741,254.228865888406,-24.4075801603657
"338",102,"Decreasing","RTF","tau0",43.019387472034,-148.522013104568,0,317.097861392141,303.044026209137,-24.4075801603657
"339",102,"Decreasing","RTF","sigma_rtf",8.77283982081259,-148.522013104568,0,317.097861392141,303.044026209137,-24.4075801603657
"340",102,"Decreasing","RTF","nk",98,-148.522013104568,0,317.097861392141,303.044026209137,-24.4075801603657
"341",103,"Stable","Ctl","tau",41.4821642466435,-207.224245992567,0,427.817715440469,418.448491985134,-8.31656984143575
"342",103,"Stable","Ctl","sigma_ctl",14.9133053753192,-207.224245992567,0,427.817715440469,418.448491985134,-8.31656984143575
"343",103,"Stable","RTF","tau0",40.2835265152116,-214.540815834003,0,449.135466851009,435.081631668005,-8.31656984143575
"344",103,"Stable","RTF","sigma_rtf",16.1971467997217,-214.540815834003,0,449.135466851009,435.081631668005,-8.31656984143575
"345",103,"Stable","RTF","nk",13,-214.540815834003,0,449.135466851009,435.081631668005,-8.31656984143575
"346",104,"Stable","Ctl","tau",33.5089962586768,-126.77160629998,0,266.912436055296,257.54321259996,-4.78233739552627
"347",104,"Stable","Ctl","sigma_ctl",10.1327907514031,-126.77160629998,0,266.912436055296,257.54321259996,-4.78233739552627
"348",104,"Stable","RTF","tau0",32.4919912407175,-130.553943695506,0,281.161722574017,267.107887391013,-4.78233739552627
"349",104,"Stable","RTF","sigma_rtf",10.3572334101287,-130.553943695506,0,281.161722574017,267.107887391013,-4.78233739552627
"350",104,"Stable","RTF","nk",82,-130.553943695506,0,281.161722574017,267.107887391013,-4.78233739552627
"351",105,"Stable","Ctl","tau",34.3539905370692,-143.845994610975,0,301.061212677286,291.69198922195,-4.83220487059307
"352",105,"Stable","Ctl","sigma_ctl",10.8260054719749,-143.845994610975,0,301.061212677286,291.69198922195,-4.83220487059307
"353",105,"Stable","RTF","tau0",33.2023531506305,-147.678199481568,0,315.41023414614,301.356398963136,-4.83220487059307
"354",105,"Stable","RTF","sigma_rtf",11.3100758527831,-147.678199481568,0,315.41023414614,301.356398963136,-4.83220487059307
"355",105,"Stable","RTF","nk",54,-147.678199481568,0,315.41023414614,301.356398963136,-4.83220487059307
"356",106,"Decreasing","Ctl","tau",26.6096961906003,-171.035846313296,0,355.440916081928,346.071692626592,26.0946918551914
"357",106,"Decreasing","Ctl","sigma_ctl",7.8197249368434,-171.035846313296,0,355.440916081928,346.071692626592,26.0946918551914
"358",106,"Decreasing","RTF","tau0",33.6142930520833,-143.941154458105,0,307.936144099213,293.882308916209,26.0946918551914
"359",106,"Decreasing","RTF","sigma_rtf",9.05207777930015,-143.941154458105,0,307.936144099213,293.882308916209,26.0946918551914
"360",106,"Decreasing","RTF","nk",68,-143.941154458105,0,307.936144099213,293.882308916209,26.0946918551914
"361",107,"Stable","Ctl","tau",36.8409572677247,-101.476429146469,0,216.322081748274,206.952858292938,-17.3196624530126
"362",107,"Stable","Ctl","sigma_ctl",7.73929643765033,-101.476429146469,0,216.322081748274,206.952858292938,-17.3196624530126
"363",107,"Stable","RTF","tau0",35.242522455624,-117.796091599482,0,255.646018381967,241.592183198963,-17.3196624530126
"364",107,"Stable","RTF","sigma_rtf",9.17076307168608,-117.796091599482,0,255.646018381967,241.592183198963,-17.3196624530126
"365",107,"Stable","RTF","nk",39,-117.796091599482,0,255.646018381967,241.592183198963,-17.3196624530126
"366",108,"Decreasing","Ctl","tau",27.0829648632085,-178.818331330815,0,371.005886116966,361.636662661631,33.039509593221
"367",108,"Decreasing","Ctl","sigma_ctl",8.31061269431659,-178.818331330815,0,371.005886116966,361.636662661631,33.039509593221
"368",108,"Decreasing","RTF","tau0",34.0895442698701,-144.778821737594,0,309.611478658192,295.557643475188,33.039509593221
"369",108,"Decreasing","RTF","sigma_rtf",8.88815170907975,-144.778821737594,0,309.611478658192,295.557643475188,33.039509593221
"370",108,"Decreasing","RTF","nk",75,-144.778821737594,0,309.611478658192,295.557643475188,33.039509593221
"371",109,"Stable","Ctl","tau",37.6299969967624,-206.01108612771,0,425.391395710756,416.02217225542,-9.41616344481781
"372",109,"Stable","Ctl","sigma_ctl",14.8632842344415,-206.01108612771,0,425.391395710756,416.02217225542,-9.41616344481781
"373",109,"Stable","RTF","tau0",36.5198844532435,-214.427249572528,0,448.908334328059,434.854499145055,-9.41616344481781
"374",109,"Stable","RTF","sigma_rtf",15.7804928798185,-214.427249572528,0,448.908334328059,434.854499145055,-9.41616344481781
"375",109,"Stable","RTF","nk",69,-214.427249572528,0,448.908334328059,434.854499145055,-9.41616344481781
"376",110,"Stable","Ctl","tau",58.1152384810231,-200.129039450357,0,413.62730235605,404.258078900714,-0.36563112786979
"377",110,"Stable","Ctl","sigma_ctl",13.8740359003306,-200.129039450357,0,413.62730235605,404.258078900714,-0.36563112786979
"378",110,"Stable","RTF","tau0",57.9414642945023,-199.494670578227,0,419.043176339458,404.989341156454,-0.36563112786979
"379",110,"Stable","RTF","sigma_rtf",14.3787392400461,-199.494670578227,0,419.043176339458,404.989341156454,-0.36563112786979
"380",110,"Stable","RTF","nk",81,-199.494670578227,0,419.043176339458,404.989341156454,-0.36563112786979
"381",111,"Decreasing","Ctl","tau",41.5516637708128,-171.795430996048,0,356.960085447432,347.590861992096,23.0297097476844
"382",111,"Decreasing","Ctl","sigma_ctl",8.63974296541146,-171.795430996048,0,356.960085447432,347.590861992096,23.0297097476844
"383",111,"Decreasing","RTF","tau0",55.4762059145737,-147.765721248364,0,315.585277679731,301.531442496728,23.0297097476844
"384",111,"Decreasing","RTF","sigma_rtf",10.4273963580649,-147.765721248364,0,315.585277679731,301.531442496728,23.0297097476844
"385",111,"Decreasing","RTF","nk",57,-147.765721248364,0,315.585277679731,301.531442496728,23.0297097476844
"386",112,"Decreasing","Ctl","tau",24.3914501549866,-163.101030585944,0,339.571284627223,330.202061171887,11.4459527051464
"387",112,"Decreasing","Ctl","sigma_ctl",7.30965466056152,-163.101030585944,0,339.571284627223,330.202061171887,11.4459527051464
"388",112,"Decreasing","RTF","tau0",31.8124347963997,-150.655077880797,0,321.363990944598,307.310155761594,11.4459527051464
"389",112,"Decreasing","RTF","sigma_rtf",9.49315268735554,-150.655077880797,0,321.363990944598,307.310155761594,11.4459527051464
"390",112,"Decreasing","RTF","nk",69,-150.655077880797,0,321.363990944598,307.310155761594,11.4459527051464
"391",113,"Decreasing","Ctl","tau",26.2757879432119,-152.38497792407,0,318.139179303476,308.76995584814,-27.6547329634307
"392",113,"Decreasing","Ctl","sigma_ctl",6.73522903497269,-152.38497792407,0,318.139179303476,308.76995584814,-27.6547329634307
"393",113,"Decreasing","RTF","tau0",32.8035692404253,-179.039710887501,0,378.133256958005,364.079421775001,-27.6547329634307
"394",113,"Decreasing","RTF","sigma_rtf",10.7766432128827,-179.039710887501,0,378.133256958005,364.079421775001,-27.6547329634307
"395",113,"Decreasing","RTF","nk",90,-179.039710887501,0,378.133256958005,364.079421775001,-27.6547329634307
"396",114,"Stable","Ctl","tau",43.3477978017342,-147.929231483341,0,309.227686422019,299.858462966683,-15.7556733049675
"397",114,"Stable","Ctl","sigma_ctl",11.5765818688609,-147.929231483341,0,309.227686422019,299.858462966683,-15.7556733049675
"398",114,"Stable","RTF","tau0",38.7758241402011,-162.684904788309,0,345.423644759622,331.369809576618,-15.7556733049675
"399",114,"Stable","RTF","sigma_rtf",15.599508795208,-162.684904788309,0,345.423644759622,331.369809576618,-15.7556733049675
"400",114,"Stable","RTF","nk",60,-162.684904788309,0,345.423644759622,331.369809576618,-15.7556733049675
"401",115,"Stable","Ctl","tau",40.8490745610985,-123.926424411918,0,261.222072279172,251.852848823836,-16.2203432144336
"402",115,"Stable","Ctl","sigma_ctl",9.46194205748801,-123.926424411918,0,261.222072279172,251.852848823836,-16.2203432144336
"403",115,"Stable","RTF","tau0",40.1768031153469,-139.146767626352,0,298.347370435707,284.293535252704,-16.2203432144336
"404",115,"Stable","RTF","sigma_rtf",10.6761767850187,-139.146767626352,0,298.347370435707,284.293535252704,-16.2203432144336
"405",115,"Stable","RTF","nk",71,-139.146767626352,0,298.347370435707,284.293535252704,-16.2203432144336
"406",116,"Stable","Ctl","tau",58.1569487055494,-541.039239389354,0,1095.44770223404,1086.07847877871,-0.468034576210925
"407",116,"Stable","Ctl","sigma_ctl",127.512569377236,-541.039239389354,0,1095.44770223404,1086.07847877871,-0.468034576210925
"408",116,"Stable","RTF","tau0",57.153516596635,-540.507273965565,0,1101.06838311413,1087.01454793113,-0.468034576210925
"409",116,"Stable","RTF","sigma_rtf",155.246161244148,-540.507273965565,0,1101.06838311413,1087.01454793113,-0.468034576210925
"410",116,"Stable","RTF","nk",14,-540.507273965565,0,1101.06838311413,1087.01454793113,-0.468034576210925
"411",117,"Decreasing","Ctl","tau",36.3856328650413,-263.097976610615,0,539.565176676565,530.195953221229,48.6625332735231
"412",117,"Decreasing","Ctl","sigma_ctl",13.1750602819207,-263.097976610615,0,539.565176676565,530.195953221229,48.6625332735231
"413",117,"Decreasing","RTF","tau0",45.9009178605792,-213.435443337091,0,446.924721857187,432.870886674183,48.6625332735231
"414",117,"Decreasing","RTF","sigma_rtf",13.5786278946513,-213.435443337091,0,446.924721857187,432.870886674183,48.6625332735231
"415",117,"Decreasing","RTF","nk",85,-213.435443337091,0,446.924721857187,432.870886674183,48.6625332735231
"416",118,"Decreasing","Ctl","tau",28.0822804868666,-184.201736039572,0,381.772695534479,372.403472079144,31.7360807570243
"417",118,"Decreasing","Ctl","sigma_ctl",8.02461192350183,-184.201736039572,0,381.772695534479,372.403472079144,31.7360807570243
"418",118,"Decreasing","RTF","tau0",35.8266004386543,-151.465655282547,0,322.985145748099,308.931310565095,31.7360807570243
"419",118,"Decreasing","RTF","sigma_rtf",9.24625895605949,-151.465655282547,0,322.985145748099,308.931310565095,31.7360807570243
"420",118,"Decreasing","RTF","nk",48,-151.465655282547,0,322.985145748099,308.931310565095,31.7360807570243
"421",119,"Decreasing","Ctl","tau",34.5999521682722,-263.598133107291,0,540.565489669918,531.196266214582,36.7643683675566
"422",119,"Decreasing","Ctl","sigma_ctl",13.3831265441588,-263.598133107291,0,540.565489669918,531.196266214582,36.7643683675566
"423",119,"Decreasing","RTF","tau0",43.3584523575417,-225.833764739734,0,471.721364662473,457.667529479469,36.7643683675566
"424",119,"Decreasing","RTF","sigma_rtf",14.1730834265649,-225.833764739734,0,471.721364662473,457.667529479469,36.7643683675566
"425",119,"Decreasing","RTF","nk",40,-225.833764739734,0,471.721364662473,457.667529479469,36.7643683675566
"426",120,"Decreasing","Ctl","tau",112.620811056502,-148.291040535221,0,309.951304525777,300.582081070441,-0.0700950603350066
"427",120,"Decreasing","Ctl","sigma_ctl",41.5330509639304,-148.291040535221,0,309.951304525777,300.582081070441,-0.0700950603350066
"428",120,"Decreasing","RTF","tau0",113.487935679375,-147.361135595556,0,314.776106374115,300.722271191111,-0.0700950603350066
"429",120,"Decreasing","RTF","sigma_rtf",36.7155904636577,-147.361135595556,0,314.776106374115,300.722271191111,-0.0700950603350066
"430",120,"Decreasing","RTF","nk",25,-147.361135595556,0,314.776106374115,300.722271191111,-0.0700950603350066
"431",121,"Stable","Ctl","tau",22.6479263434391,-133.408171725726,0,280.185566906787,270.816343451451,-6.13889502327149
"432",121,"Stable","Ctl","sigma_ctl",10.2779752810041,-133.408171725726,0,280.185566906787,270.816343451451,-6.13889502327149
"433",121,"Stable","RTF","tau0",21.4969596137914,-138.547066748997,0,297.147968680998,283.094133497994,-6.13889502327149
"434",121,"Stable","RTF","sigma_rtf",10.8176469555624,-138.547066748997,0,297.147968680998,283.094133497994,-6.13889502327149
"435",121,"Stable","RTF","nk",55,-138.547066748997,0,297.147968680998,283.094133497994,-6.13889502327149
"436",122,"Decreasing","Ctl","tau",33.8059629769063,-205.03878550816,0,423.446794471655,414.077571016319,67.5366883858399
"437",122,"Decreasing","Ctl","sigma_ctl",9.34262146478054,-205.03878550816,0,423.446794471655,414.077571016319,67.5366883858399
"438",122,"Decreasing","RTF","tau0",42.3353215555984,-136.50209712232,0,293.058029427643,279.004194244639,67.5366883858399
"439",122,"Decreasing","RTF","sigma_rtf",7.78641718432409,-136.50209712232,0,293.058029427643,279.004194244639,67.5366883858399
"440",122,"Decreasing","RTF","nk",48,-136.50209712232,0,293.058029427643,279.004194244639,67.5366883858399
"441",123,"Decreasing","Ctl","tau",35.7123700178627,-259.604522953943,0,532.578269363222,523.209045907886,7.65961775193244
"442",123,"Decreasing","Ctl","sigma_ctl",13.8495011037297,-259.604522953943,0,532.578269363222,523.209045907886,7.65961775193244
"443",123,"Decreasing","RTF","tau0",45.201637946951,-250.94490520201,0,521.943645587025,507.889810404021,7.65961775193244
"444",123,"Decreasing","RTF","sigma_rtf",16.4629544919815,-250.94490520201,0,521.943645587025,507.889810404021,7.65961775193244
"445",123,"Decreasing","RTF","nk",49,-250.94490520201,0,521.943645587025,507.889810404021,7.65961775193244
"446",124,"Stable","Ctl","tau",45.6944388494724,-164.936699212017,0,343.24262187937,333.873398424034,-9.41063159103601
"447",124,"Stable","Ctl","sigma_ctl",12.3945698585905,-164.936699212017,0,343.24262187937,333.873398424034,-9.41063159103601
"448",124,"Stable","RTF","tau0",44.7931320310056,-173.347330803053,0,366.74849678911,352.694661606106,-9.41063159103601
"449",124,"Stable","RTF","sigma_rtf",13.2038352718389,-173.347330803053,0,366.74849678911,352.694661606106,-9.41063159103601
"450",124,"Stable","RTF","nk",45,-173.347330803053,0,366.74849678911,352.694661606106,-9.41063159103601
"451",125,"Stable","Ctl","tau",27.9093209968948,-117.223628026112,0,247.81647950756,238.447256052224,1.10930552750979
"452",125,"Stable","Ctl","sigma_ctl",8.74220306685462,-117.223628026112,0,247.81647950756,238.447256052224,1.10930552750979
"453",125,"Stable","RTF","tau0",26.4954197079297,-115.114322498602,0,250.282480180208,236.228644997204,1.10930552750979
"454",125,"Stable","RTF","sigma_rtf",8.72433483952163,-115.114322498602,0,250.282480180208,236.228644997204,1.10930552750979
"455",125,"Stable","RTF","nk",22,-115.114322498602,0,250.282480180208,236.228644997204,1.10930552750979
"456",126,"Stable","Ctl","tau",45.6943422485029,-118.905185076633,0,251.179593608602,241.810370153266,-21.3366598412708
"457",126,"Stable","Ctl","sigma_ctl",7.84416649654531,-118.905185076633,0,251.179593608602,241.810370153266,-21.3366598412708
"458",126,"Stable","RTF","tau0",43.9973702709785,-139.241844917904,0,298.537525018812,284.483689835808,-21.3366598412708
"459",126,"Stable","RTF","sigma_rtf",10.1131883638508,-139.241844917904,0,298.537525018812,284.483689835808,-21.3366598412708
"460",126,"Stable","RTF","nk",42,-139.241844917904,0,298.537525018812,284.483689835808,-21.3366598412708
"461",127,"Decreasing","Ctl","tau",39.7536688748677,-248.007946719641,0,509.385116894617,500.015893439282,20.2003194200911
"462",127,"Decreasing","Ctl","sigma_ctl",13.3881941504324,-248.007946719641,0,509.385116894617,500.015893439282,20.2003194200911
"463",127,"Decreasing","RTF","tau0",48.6311856568792,-226.80762729955,0,473.669089782103,459.615254599099,20.2003194200911
"464",127,"Decreasing","RTF","sigma_rtf",14.6232299191229,-226.80762729955,0,473.669089782103,459.615254599099,20.2003194200911
"465",127,"Decreasing","RTF","nk",60,-226.80762729955,0,473.669089782103,459.615254599099,20.2003194200911
"466",128,"Decreasing","Ctl","tau",58.5145184033756,-383.35629437524,0,780.081812205815,770.71258875048,96.3551254898569
"467",128,"Decreasing","Ctl","sigma_ctl",33.6246097751395,-383.35629437524,0,780.081812205815,770.71258875048,96.3551254898569
"468",128,"Decreasing","RTF","tau0",63.3854588027849,-286.001168885383,0,592.05617295377,578.002337770766,96.3551254898569
"469",128,"Decreasing","RTF","sigma_rtf",22.6806919820633,-286.001168885383,0,592.05617295377,578.002337770766,96.3551254898569
"470",128,"Decreasing","RTF","nk",17,-286.001168885383,0,592.05617295377,578.002337770766,96.3551254898569
"471",129,"Stable","Ctl","tau",36.8189981899893,-174.16148733021,0,361.692198115757,352.322974660421,-3.07336268573383
"472",129,"Stable","Ctl","sigma_ctl",13.6286967761802,-174.16148733021,0,361.692198115757,352.322974660421,-3.07336268573383
"473",129,"Stable","RTF","tau0",35.9264805310814,-176.234850015944,0,372.523535214892,358.469700031889,-3.07336268573383
"474",129,"Stable","RTF","sigma_rtf",14.1584538613242,-176.234850015944,0,372.523535214892,358.469700031889,-3.07336268573383
"475",129,"Stable","RTF","nk",33,-176.234850015944,0,372.523535214892,358.469700031889,-3.07336268573383
"476",130,"Stable","Ctl","tau",37.1110926171962,-80.3362512739265,0,174.041726003189,164.672502547853,-5.94318831727097
"477",130,"Stable","Ctl","sigma_ctl",5.7082735865546,-80.3362512739265,0,174.041726003189,164.672502547853,-5.94318831727097
"478",130,"Stable","RTF","tau0",35.9904202981506,-85.2794395911975,0,190.612714365399,176.558879182395,-5.94318831727097
"479",130,"Stable","RTF","sigma_rtf",6.51195214752907,-85.2794395911975,0,190.612714365399,176.558879182395,-5.94318831727097
"480",130,"Stable","RTF","nk",31,-85.2794395911975,0,190.612714365399,176.558879182395,-5.94318831727097
"481",131,"Stable","Ctl","tau",38.9010640304796,-135.326028621287,0,284.021280697911,274.652057242575,-4.94962914696123
"482",131,"Stable","Ctl","sigma_ctl",10.2706170161766,-135.326028621287,0,284.021280697911,274.652057242575,-4.94962914696123
"483",131,"Stable","RTF","tau0",37.5139332814897,-139.275657768249,0,298.605150719501,284.551315536497,-4.94962914696123
"484",131,"Stable","RTF","sigma_rtf",10.6947471587368,-139.275657768249,0,298.605150719501,284.551315536497,-4.94962914696123
"485",131,"Stable","RTF","nk",72,-139.275657768249,0,298.605150719501,284.551315536497,-4.94962914696123
"486",132,"Decreasing","Ctl","tau",21.2243614845526,-205.853793645261,0,425.076810745859,415.707587290523,27.2199781021782
"487",132,"Decreasing","Ctl","sigma_ctl",9.82315646035805,-205.853793645261,0,425.076810745859,415.707587290523,27.2199781021782
"488",132,"Decreasing","RTF","tau0",27.2341549576731,-177.633815543083,0,375.32146626917,361.267631086167,27.2199781021782
"489",132,"Decreasing","RTF","sigma_rtf",11.2137187441393,-177.633815543083,0,375.32146626917,361.267631086167,27.2199781021782
"490",132,"Decreasing","RTF","nk",99,-177.633815543083,0,375.32146626917,361.267631086167,27.2199781021782
"491",133,"Decreasing","Ctl","tau",39.0539007398293,-213.138456849987,0,439.64613715531,430.276913699975,17.2622703178117
"492",133,"Decreasing","Ctl","sigma_ctl",10.7907793022721,-213.138456849987,0,439.64613715531,430.276913699975,17.2622703178117
"493",133,"Decreasing","RTF","tau0",48.4108503798605,-194.876186532176,0,409.806208247355,395.752373064351,17.2622703178117
"494",133,"Decreasing","RTF","sigma_rtf",12.3547984131945,-194.876186532176,0,409.806208247355,395.752373064351,17.2622703178117
"495",133,"Decreasing","RTF","nk",78,-194.876186532176,0,409.806208247355,395.752373064351,17.2622703178117
"496",134,"Decreasing","Ctl","tau",30.7245239451043,-165.403527748647,0,344.176278952629,334.807055497293,25.2084923275166
"497",134,"Decreasing","Ctl","sigma_ctl",7.71965055981497,-165.403527748647,0,344.176278952629,334.807055497293,25.2084923275166
"498",134,"Decreasing","RTF","tau0",39.1498810604719,-139.19503542113,0,298.443906025264,284.39007084226,25.2084923275166
"499",134,"Decreasing","RTF","sigma_rtf",8.90115136688182,-139.19503542113,0,298.443906025264,284.39007084226,25.2084923275166
"500",134,"Decreasing","RTF","nk",55,-139.19503542113,0,298.443906025264,284.39007084226,25.2084923275166
"501",135,"Decreasing","Ctl","tau",33.7459988703746,-208.985560821698,0,431.340345098731,421.971121643395,51.0692881454591
"502",135,"Decreasing","Ctl","sigma_ctl",9.67688179719736,-208.985560821698,0,431.340345098731,421.971121643395,51.0692881454591
"503",135,"Decreasing","RTF","tau0",42.1172631853443,-156.916272676239,0,333.886380535481,319.832545352477,51.0692881454591
"504",135,"Decreasing","RTF","sigma_rtf",9.93269417801243,-156.916272676239,0,333.886380535481,319.832545352477,51.0692881454591
"505",135,"Decreasing","RTF","nk",48,-156.916272676239,0,333.886380535481,319.832545352477,51.0692881454591
"506",136,"Decreasing","Ctl","tau",23.2759664663728,-247.539172075466,0,508.447567606267,499.078344150931,18.6448987446363
"507",136,"Decreasing","Ctl","sigma_ctl",13.4014169937218,-247.539172075466,0,508.447567606267,499.078344150931,18.6448987446363
"508",136,"Decreasing","RTF","tau0",29.3909297292063,-227.894273330829,10,475.842381844662,461.788546661659,18.6448987446363
"509",136,"Decreasing","RTF","sigma_rtf",17.343683359353,-227.894273330829,10,475.842381844662,461.788546661659,18.6448987446363
"510",136,"Decreasing","RTF","nk",38,-227.894273330829,10,475.842381844662,461.788546661659,18.6448987446363
"511",137,"Stable","Ctl","tau",44.3763515374597,-163.148034814221,0,339.665293083778,330.296069628442,3.21003804294145
"512",137,"Stable","Ctl","sigma_ctl",12.0717703301016,-163.148034814221,0,339.665293083778,330.296069628442,3.21003804294145
"513",137,"Stable","RTF","tau0",43.4832938984517,-158.93799677128,0,337.929828725563,323.87599354256,3.21003804294145
"514",137,"Stable","RTF","sigma_rtf",12.6982412973164,-158.93799677128,0,337.929828725563,323.87599354256,3.21003804294145
"515",137,"Stable","RTF","nk",16,-158.93799677128,0,337.929828725563,323.87599354256,3.21003804294145
"516",138,"Decreasing","Ctl","tau",32.0745371739742,-197.136311269766,0,407.641845994867,398.272622539531,19.7375200534798
"517",138,"Decreasing","Ctl","sigma_ctl",9.36161964967359,-197.136311269766,0,407.641845994867,398.272622539531,19.7375200534798
"518",138,"Decreasing","RTF","tau0",43.7700023355739,-176.398791216286,0,372.851417615575,358.797582432571,19.7375200534798
"519",138,"Decreasing","RTF","sigma_rtf",12.5175561678145,-176.398791216286,0,372.851417615575,358.797582432571,19.7375200534798
"520",138,"Decreasing","RTF","nk",99,-176.398791216286,0,372.851417615575,358.797582432571,19.7375200534798
"521",139,"Stable","Ctl","tau",53.5917189396689,-159.231440625473,0,331.832104706282,322.462881250946,0.639349756962247
"522",139,"Stable","Ctl","sigma_ctl",11.8919683919158,-159.231440625473,0,331.832104706282,322.462881250946,0.639349756962247
"523",139,"Stable","RTF","tau0",53.2222582963621,-157.592090868511,0,335.238016920025,321.184181737022,0.639349756962247
"524",139,"Stable","RTF","sigma_rtf",12.7301475151301,-157.592090868511,0,335.238016920025,321.184181737022,0.639349756962247
"525",139,"Stable","RTF","nk",69,-157.592090868511,0,335.238016920025,321.184181737022,0.639349756962247
"526",140,"Stable","Ctl","tau",39.0937506667959,-240.11638563284,0,493.601994721015,484.232771265679,-4.52968370631532
"527",140,"Stable","Ctl","sigma_ctl",17.8456700373481,-240.11638563284,0,493.601994721015,484.232771265679,-4.52968370631532
"528",140,"Stable","RTF","tau0",38.1445308857036,-243.646069339155,0,507.345973861314,493.29213867831,-4.52968370631532
"529",140,"Stable","RTF","sigma_rtf",18.4478398432233,-243.646069339155,0,507.345973861314,493.29213867831,-4.52968370631532
"530",140,"Stable","RTF","nk",20,-243.646069339155,0,507.345973861314,493.29213867831,-4.52968370631532
"531",141,"Stable","Ctl","tau",40.6667675444583,-183.127546016786,0,379.624315488907,370.255092033571,-1.74624775249436
"532",141,"Stable","Ctl","sigma_ctl",13.7911917458211,-183.127546016786,0,379.624315488907,370.255092033571,-1.74624775249436
"533",141,"Stable","RTF","tau0",39.938629447469,-183.87379376928,0,387.801422721564,373.74758753856,-1.74624775249436
"534",141,"Stable","RTF","sigma_rtf",14.2875592752681,-183.87379376928,0,387.801422721564,373.74758753856,-1.74624775249436
"535",141,"Stable","RTF","nk",20,-183.87379376928,0,387.801422721564,373.74758753856,-1.74624775249436
"536",142,"Stable","Ctl","tau",32.1314499723936,-123.004837303481,0,259.378898062299,250.009674606963,-2.5768333759323
"537",142,"Stable","Ctl","sigma_ctl",9.13201951859742,-123.004837303481,0,259.378898062299,250.009674606963,-2.5768333759323
"538",142,"Stable","RTF","tau0",30.8077365100299,-124.581670679414,0,269.217176541831,255.163341358827,-2.5768333759323
"539",142,"Stable","RTF","sigma_rtf",9.19525859798016,-124.581670679414,0,269.217176541831,255.163341358827,-2.5768333759323
"540",142,"Stable","RTF","nk",94,-124.581670679414,0,269.217176541831,255.163341358827,-2.5768333759323
"541",143,"Decreasing","Ctl","tau",38.0130829464529,-229.60010717095,0,472.569437797235,463.200214341899,44.2948978609913
"542",143,"Decreasing","Ctl","sigma_ctl",11.8640470115399,-229.60010717095,0,472.569437797235,463.200214341899,44.2948978609913
"543",143,"Decreasing","RTF","tau0",46.8585008998435,-184.305209309958,0,388.664253802921,374.610418619917,44.2948978609913
"544",143,"Decreasing","RTF","sigma_rtf",12.0071132723755,-184.305209309958,0,388.664253802921,374.610418619917,44.2948978609913
"545",143,"Decreasing","RTF","nk",47,-184.305209309958,0,388.664253802921,374.610418619917,44.2948978609913
"546",144,"Stable","Ctl","tau",43.4138667389039,-257.39350794367,0,528.156239342676,518.787015887341,-5.03031680800251
"547",144,"Stable","Ctl","sigma_ctl",18.7118569950202,-257.39350794367,0,528.156239342676,518.787015887341,-5.03031680800251
"548",144,"Stable","RTF","tau0",42.1134710830973,-261.423824751673,0,542.901484686349,528.847649503346,-5.03031680800251
"549",144,"Stable","RTF","sigma_rtf",19.4648688346958,-261.423824751673,0,542.901484686349,528.847649503346,-5.03031680800251
"550",144,"Stable","RTF","nk",53,-261.423824751673,0,542.901484686349,528.847649503346,-5.03031680800251
"551",145,"Stable","Ctl","tau",35.5582039664361,-180.194084555745,0,373.757392566825,364.388169111489,-2.58576063500067
"552",145,"Stable","Ctl","sigma_ctl",13.1584929017186,-180.194084555745,0,373.757392566825,364.388169111489,-2.58576063500067
"553",145,"Stable","RTF","tau0",34.2504378058068,-181.779845190745,0,383.613525564494,369.559690381491,-2.58576063500067
"554",145,"Stable","RTF","sigma_rtf",13.981212742166,-181.779845190745,0,383.613525564494,369.559690381491,-2.58576063500067
"555",145,"Stable","RTF","nk",95,-181.779845190745,0,383.613525564494,369.559690381491,-2.58576063500067
"556",146,"Stable","Ctl","tau",41.8265094189757,-100.79090267242,0,214.951028800177,205.581805344841,-19.7064746413482
"557",146,"Stable","Ctl","sigma_ctl",7.0109627855341,-100.79090267242,0,214.951028800177,205.581805344841,-19.7064746413482
"558",146,"Stable","RTF","tau0",40.2385375275907,-119.497377313769,0,259.048589810541,244.994754627537,-19.7064746413482
"559",146,"Stable","RTF","sigma_rtf",8.93790501823675,-119.497377313769,0,259.048589810541,244.994754627537,-19.7064746413482
"560",146,"Stable","RTF","nk",36,-119.497377313769,0,259.048589810541,244.994754627537,-19.7064746413482
"561",147,"Decreasing","Ctl","tau",28.0165238985094,-249.242849938874,0,511.854923333085,502.485699877749,27.721135232155
"562",147,"Decreasing","Ctl","sigma_ctl",11.3555993345447,-249.242849938874,0,511.854923333085,502.485699877749,27.721135232155
"563",147,"Decreasing","RTF","tau0",35.1557377064663,-220.521714706719,0,461.097264596443,447.043429413439,27.721135232155
"564",147,"Decreasing","RTF","sigma_rtf",13.5853259414409,-220.521714706719,0,461.097264596443,447.043429413439,27.721135232155
"565",147,"Decreasing","RTF","nk",45,-220.521714706719,0,461.097264596443,447.043429413439,27.721135232155
"566",148,"Decreasing","Ctl","tau",28.5190905049124,-441.48702648421,0,896.343276423756,886.97405296842,85.3005653053765
"567",148,"Decreasing","Ctl","sigma_ctl",34.4032212391067,-441.48702648421,0,896.343276423756,886.97405296842,85.3005653053765
"568",148,"Decreasing","RTF","tau0",35.2562482438463,-355.186461178834,0,730.426757540671,716.372922357667,85.3005653053765
"569",148,"Decreasing","RTF","sigma_rtf",28.7098561180993,-355.186461178834,0,730.426757540671,716.372922357667,85.3005653053765
"570",148,"Decreasing","RTF","nk",13,-355.186461178834,0,730.426757540671,716.372922357667,85.3005653053765
"571",149,"Stable","Ctl","tau",27.1721588750905,-194.942999643175,0,403.255222741685,393.885999286349,12.0082306847837
"572",149,"Stable","Ctl","sigma_ctl",15.4521145171797,-194.942999643175,0,403.255222741685,393.885999286349,12.0082306847837
"573",149,"Stable","RTF","tau0",25.2098706764563,-181.934768958391,0,383.923373099786,369.869537916782,12.0082306847837
"574",149,"Stable","RTF","sigma_rtf",15.2583918475434,-181.934768958391,0,383.923373099786,369.869537916782,12.0082306847837
"575",149,"Stable","RTF","nk",75,-181.934768958391,0,383.923373099786,369.869537916782,12.0082306847837
"576",150,"Decreasing","Ctl","tau",31.4579576095858,-206.426531913212,0,426.222287281761,416.853063826425,-3.18663947754015
"577",150,"Decreasing","Ctl","sigma_ctl",9.34205300309041,-206.426531913212,0,426.222287281761,416.853063826425,-3.18663947754015
"578",150,"Decreasing","RTF","tau0",41.7377283974683,-208.613171390753,0,437.280177964509,423.226342781505,-3.18663947754015
"579",150,"Decreasing","RTF","sigma_rtf",13.7946023074318,-208.613171390753,0,437.280177964509,423.226342781505,-3.18663947754015
"580",150,"Decreasing","RTF","nk",87,-208.613171390753,0,437.280177964509,423.226342781505,-3.18663947754015
"581",151,"Decreasing","Ctl","tau",24.2752047674671,-135.48210285123,0,284.333429157795,274.964205702459,34.0942344730815
"582",151,"Decreasing","Ctl","sigma_ctl",6.07525838806575,-135.48210285123,0,284.333429157795,274.964205702459,34.0942344730815
"583",151,"Decreasing","RTF","tau0",30.9768933619612,-100.387868378148,0,220.8295719393,206.775736756296,34.0942344730815
"584",151,"Decreasing","RTF","sigma_rtf",6.20253466409332,-100.387868378148,0,220.8295719393,206.775736756296,34.0942344730815
"585",151,"Decreasing","RTF","nk",76,-100.387868378148,0,220.8295719393,206.775736756296,34.0942344730815
"586",152,"Stable","Ctl","tau",37.2768568300507,-218.047302900423,0,449.463829256181,440.094605800845,-1.91724643745653
"587",152,"Stable","Ctl","sigma_ctl",15.9554382218534,-218.047302900423,0,449.463829256181,440.094605800845,-1.91724643745653
"588",152,"Stable","RTF","tau0",36.1990672280271,-218.964549337879,0,457.982933858762,443.929098675758,-1.91724643745653
"589",152,"Stable","RTF","sigma_rtf",16.5223646355352,-218.964549337879,0,457.982933858762,443.929098675758,-1.91724643745653
"590",152,"Stable","RTF","nk",61,-218.964549337879,0,457.982933858762,443.929098675758,-1.91724643745653
"591",153,"Decreasing","Ctl","tau",25.6300135071914,-209.271841670674,0,431.912906796685,422.543683341349,-3.85032948792656
"592",153,"Decreasing","Ctl","sigma_ctl",9.5552742171962,-209.271841670674,0,431.912906796685,422.543683341349,-3.85032948792656
"593",153,"Decreasing","RTF","tau0",33.1315818531452,-212.122171158601,0,444.298177500206,430.244342317202,-3.85032948792656
"594",153,"Decreasing","RTF","sigma_rtf",13.4455227090191,-212.122171158601,0,444.298177500206,430.244342317202,-3.85032948792656
"595",153,"Decreasing","RTF","nk",98,-212.122171158601,0,444.298177500206,430.244342317202,-3.85032948792656
"596",154,"Stable","Ctl","tau",43.6172126076039,-150.465643814304,0,314.300511083944,304.931287628608,-1.04929181209462
"597",154,"Stable","Ctl","sigma_ctl",10.9403306550882,-150.465643814304,0,314.300511083944,304.931287628608,-1.04929181209462
"598",154,"Stable","RTF","tau0",42.8405910115533,-150.514935626399,0,321.083706435801,307.029871252797,-1.04929181209462
"599",154,"Stable","RTF","sigma_rtf",11.246673559736,-150.514935626399,0,321.083706435801,307.029871252797,-1.04929181209462
"600",154,"Stable","RTF","nk",94,-150.514935626399,0,321.083706435801,307.029871252797,-1.04929181209462
"601",155,"Stable","Ctl","tau",43.2302078411666,-134.54286359266,0,282.454950640657,273.085727185321,-6.76085185388391
"602",155,"Stable","Ctl","sigma_ctl",9.8778775898759,-134.54286359266,0,282.454950640657,273.085727185321,-6.76085185388391
"603",155,"Stable","RTF","tau0",42.393402578602,-140.303715446544,0,300.661266076092,286.607430893089,-6.76085185388391
"604",155,"Stable","RTF","sigma_rtf",10.6094105594267,-140.303715446544,0,300.661266076092,286.607430893089,-6.76085185388391
"605",155,"Stable","RTF","nk",82,-140.303715446544,0,300.661266076092,286.607430893089,-6.76085185388391
"606",156,"Stable","Ctl","tau",44.638146757389,-182.629747549149,0,378.628718553634,369.259495098298,-5.53016738935986
"607",156,"Stable","Ctl","sigma_ctl",13.4685449084398,-182.629747549149,0,378.628718553634,369.259495098298,-5.53016738935986
"608",156,"Stable","RTF","tau0",43.3902579252061,-187.159914938509,0,394.373665060022,380.319829877018,-5.53016738935986
"609",156,"Stable","RTF","sigma_rtf",14.3149325192255,-187.159914938509,0,394.373665060022,380.319829877018,-5.53016738935986
"610",156,"Stable","RTF","nk",89,-187.159914938509,0,394.373665060022,380.319829877018,-5.53016738935986
"611",157,"Stable","Ctl","tau",37.564375017049,-212.619493359246,0,438.608210173829,429.238986718493,-7.44361266221313
"612",157,"Stable","Ctl","sigma_ctl",16.1298862663737,-212.619493359246,0,438.608210173829,429.238986718493,-7.44361266221313
"613",157,"Stable","RTF","tau0",36.5689577778195,-219.06310602146,0,458.180047225923,444.126212042919,-7.44361266221313
"614",157,"Stable","RTF","sigma_rtf",17.3780094587863,-219.06310602146,0,458.180047225923,444.126212042919,-7.44361266221313
"615",157,"Stable","RTF","nk",97,-219.06310602146,0,458.180047225923,444.126212042919,-7.44361266221313
"616",158,"Decreasing","Ctl","tau",34.0469377240358,-106.807408787507,0,226.98404103035,217.614817575014,-22.3095223007288
"617",158,"Decreasing","Ctl","sigma_ctl",4.83333241390754,-106.807408787507,0,226.98404103035,217.614817575014,-22.3095223007288
"618",158,"Decreasing","RTF","tau0",42.6225616092272,-128.116931088236,0,276.287697359475,262.233862176471,-22.3095223007288
"619",158,"Decreasing","RTF","sigma_rtf",7.56346299784682,-128.116931088236,0,276.287697359475,262.233862176471,-22.3095223007288
"620",158,"Decreasing","RTF","nk",92,-128.116931088236,0,276.287697359475,262.233862176471,-22.3095223007288
"621",159,"Decreasing","Ctl","tau",38.2182757326251,-219.80739670369,0,452.984016862715,443.61479340738,34.5142102394808
"622",159,"Decreasing","Ctl","sigma_ctl",10.6470186980451,-219.80739670369,0,452.984016862715,443.61479340738,34.5142102394808
"623",159,"Decreasing","RTF","tau0",50.1064294841385,-184.293186464209,0,388.640208111422,374.586372928418,34.5142102394808
"624",159,"Decreasing","RTF","sigma_rtf",11.5508713158149,-184.293186464209,0,388.640208111422,374.586372928418,34.5142102394808
"625",159,"Decreasing","RTF","nk",42,-184.293186464209,0,388.640208111422,374.586372928418,34.5142102394808
"626",160,"Decreasing","Ctl","tau",29.3948632424332,-182.434776000032,0,378.2387754554,368.869552000064,30.8307510917936
"627",160,"Decreasing","Ctl","sigma_ctl",8.17413588032967,-182.434776000032,0,378.2387754554,368.869552000064,30.8307510917936
"628",160,"Decreasing","RTF","tau0",36.7515891229699,-150.604024908239,0,321.261884999481,307.208049816477,30.8307510917936
"629",160,"Decreasing","RTF","sigma_rtf",8.64810837821583,-150.604024908239,0,321.261884999481,307.208049816477,30.8307510917936
"630",160,"Decreasing","RTF","nk",79,-150.604024908239,0,321.261884999481,307.208049816477,30.8307510917936
"631",161,"Decreasing","Ctl","tau",27.1418586433738,-224.443133509376,0,462.255490474087,452.886267018752,39.0284605135438
"632",161,"Decreasing","Ctl","sigma_ctl",11.2461630238671,-224.443133509376,0,462.255490474087,452.886267018752,39.0284605135438
"633",161,"Decreasing","RTF","tau0",34.5802926330238,-184.414672995832,0,388.883181174668,374.829345991664,39.0284605135438
"634",161,"Decreasing","RTF","sigma_rtf",12.2005842111549,-184.414672995832,0,388.883181174668,374.829345991664,39.0284605135438
"635",161,"Decreasing","RTF","nk",79,-184.414672995832,0,388.883181174668,374.829345991664,39.0284605135438
"636",162,"Stable","Ctl","tau",41.0240184426851,-135.120901195527,0,283.611025846391,274.241802391055,-3.87295922112429
"637",162,"Stable","Ctl","sigma_ctl",9.84617074667434,-135.120901195527,0,283.611025846391,274.241802391055,-3.87295922112429
"638",162,"Stable","RTF","tau0",39.6237101569062,-137.993860416652,0,296.041556016307,281.987720833304,-3.87295922112429
"639",162,"Stable","RTF","sigma_rtf",10.3790181756206,-137.993860416652,0,296.041556016307,281.987720833304,-3.87295922112429
"640",162,"Stable","RTF","nk",66,-137.993860416652,0,296.041556016307,281.987720833304,-3.87295922112429
"641",163,"Decreasing","Ctl","tau",30.6433966408228,-232.395318840696,0,478.159861136728,468.790637681393,33.7364368908397
"642",163,"Decreasing","Ctl","sigma_ctl",11.2906504103341,-232.395318840696,0,478.159861136728,468.790637681393,33.7364368908397
"643",163,"Decreasing","RTF","tau0",38.5044415480849,-197.658881949857,0,415.371599082717,401.317763899713,33.7364368908397
"644",163,"Decreasing","RTF","sigma_rtf",12.2575257717399,-197.658881949857,0,415.371599082717,401.317763899713,33.7364368908397
"645",163,"Decreasing","RTF","nk",72,-197.658881949857,0,415.371599082717,401.317763899713,33.7364368908397
"646",164,"Decreasing","Ctl","tau",34.2813379306477,-140.305642400328,0,293.980508255993,284.611284800657,0.664127734772364
"647",164,"Decreasing","Ctl","sigma_ctl",6.20779149420492,-140.305642400328,0,293.980508255993,284.611284800657,0.664127734772364
"648",164,"Decreasing","RTF","tau0",43.4058457690042,-138.641514665556,0,297.336864514116,283.283029331112,0.664127734772364
"649",164,"Decreasing","RTF","sigma_rtf",8.45058903092244,-138.641514665556,0,297.336864514116,283.283029331112,0.664127734772364
"650",164,"Decreasing","RTF","nk",91,-138.641514665556,0,297.336864514116,283.283029331112,0.664127734772364
"651",165,"Decreasing","Ctl","tau",22.945334644368,-224.979416741265,0,463.328056937866,453.95883348253,28.1737069459974
"652",165,"Decreasing","Ctl","sigma_ctl",10.6913948281362,-224.979416741265,0,463.328056937866,453.95883348253,28.1737069459974
"653",165,"Decreasing","RTF","tau0",29.6821573022538,-195.805709795268,0,411.665254773539,397.611419590535,28.1737069459974
"654",165,"Decreasing","RTF","sigma_rtf",12.6238067652342,-195.805709795268,0,411.665254773539,397.611419590535,28.1737069459974
"655",165,"Decreasing","RTF","nk",63,-195.805709795268,0,411.665254773539,397.611419590535,28.1737069459974
"656",166,"Stable","Ctl","tau",39.1427938888892,-131.309102467301,0,275.987428389938,266.618204934602,-11.5135570754541
"657",166,"Stable","Ctl","sigma_ctl",9.50756777013449,-131.309102467301,0,275.987428389938,266.618204934602,-11.5135570754541
"658",166,"Stable","RTF","tau0",38.049413131832,-141.822659542755,0,303.699154268514,289.645319085511,-11.5135570754541
"659",166,"Stable","RTF","sigma_rtf",10.3807121099514,-141.822659542755,0,303.699154268514,289.645319085511,-11.5135570754541
"660",166,"Stable","RTF","nk",95,-141.822659542755,0,303.699154268514,289.645319085511,-11.5135570754541
"661",167,"Decreasing","Ctl","tau",38.7772245167335,-219.3446281481,0,452.058479751536,442.689256296201,18.0418318567937
"662",167,"Decreasing","Ctl","sigma_ctl",11.3716622509363,-219.3446281481,0,452.058479751536,442.689256296201,18.0418318567937
"663",167,"Decreasing","RTF","tau0",48.6062210823048,-200.302796291307,0,420.659427765617,406.605592582613,18.0418318567937
"664",167,"Decreasing","RTF","sigma_rtf",12.5719282867361,-200.302796291307,0,420.659427765617,406.605592582613,18.0418318567937
"665",167,"Decreasing","RTF","nk",98,-200.302796291307,0,420.659427765617,406.605592582613,18.0418318567937
"666",168,"Stable","Ctl","tau",61.1516708535345,-248.272454521199,0,509.914132497733,500.544909042397,-5.71208301247202
"667",168,"Stable","Ctl","sigma_ctl",17.3708844949824,-248.272454521199,0,509.914132497733,500.544909042397,-5.71208301247202
"668",168,"Stable","RTF","tau0",60.6346602831356,-252.984537533671,0,526.022910250345,511.969075067341,-5.71208301247202
"669",168,"Stable","RTF","sigma_rtf",18.3727900920715,-252.984537533671,0,526.022910250345,511.969075067341,-5.71208301247202
"670",168,"Stable","RTF","nk",59,-252.984537533671,0,526.022910250345,511.969075067341,-5.71208301247202
"671",169,"Stable","Ctl","tau",46.2831155474489,-214.653193788883,0,442.675611033103,433.306387577767,-7.49674386051396
"672",169,"Stable","Ctl","sigma_ctl",16.1834858522674,-214.653193788883,0,442.675611033103,433.306387577767,-7.49674386051396
"673",169,"Stable","RTF","tau0",44.7509992071911,-221.149937649397,0,462.353710481799,448.299875298795,-7.49674386051396
"674",169,"Stable","RTF","sigma_rtf",17.6305163883904,-221.149937649397,0,462.353710481799,448.299875298795,-7.49674386051396
"675",169,"Stable","RTF","nk",29,-221.149937649397,0,462.353710481799,448.299875298795,-7.49674386051396
"676",170,"Stable","Ctl","tau",32.5010689697766,-84.0366639459716,0,181.442551347279,172.073327891943,-15.1929945189074
"677",170,"Stable","Ctl","sigma_ctl",6.3294428374295,-84.0366639459716,0,181.442551347279,172.073327891943,-15.1929945189074
"678",170,"Stable","RTF","tau0",32.0346175193014,-98.229658464879,0,216.513152112762,202.459316929758,-15.1929945189074
"679",170,"Stable","RTF","sigma_rtf",7.59511291736926,-98.229658464879,0,216.513152112762,202.459316929758,-15.1929945189074
"680",170,"Stable","RTF","nk",78,-98.229658464879,0,216.513152112762,202.459316929758,-15.1929945189074
"681",171,"Stable","Ctl","tau",30.9448517553398,-212.170891261586,0,437.711005978508,428.341782523172,1.03439383477192
"682",171,"Stable","Ctl","sigma_ctl",16.0611573632637,-212.170891261586,0,437.711005978508,428.341782523172,1.03439383477192
"683",171,"Stable","RTF","tau0",29.878806893739,-210.136497426814,0,440.326830036632,426.272994853628,1.03439383477192
"684",171,"Stable","RTF","sigma_rtf",16.2425834078317,-210.136497426814,0,440.326830036632,426.272994853628,1.03439383477192
"685",171,"Stable","RTF","nk",36,-210.136497426814,0,440.326830036632,426.272994853628,1.03439383477192
"686",172,"Decreasing","Ctl","tau",42.6641081411776,-182.375770122542,0,378.12076370042,368.751540245084,-3.11484857208421
"687",172,"Decreasing","Ctl","sigma_ctl",9.94322805442324,-182.375770122542,0,378.12076370042,368.751540245084,-3.11484857208421
"688",172,"Decreasing","RTF","tau0",55.9989908213303,-184.490618694626,0,389.035072572256,374.981237389252,-3.11484857208421
"689",172,"Decreasing","RTF","sigma_rtf",13.5472742198705,-184.490618694626,0,389.035072572256,374.981237389252,-3.11484857208421
"690",172,"Decreasing","RTF","nk",46,-184.490618694626,0,389.035072572256,374.981237389252,-3.11484857208421
"691",173,"Stable","Ctl","tau",26.9388629020433,-190.933501948753,0,395.236227352841,385.867003897506,0.547459833082684
"692",173,"Stable","Ctl","sigma_ctl",15.717913259403,-190.933501948753,0,395.236227352841,385.867003897506,0.547459833082684
"693",173,"Stable","RTF","tau0",26.4887130018319,-189.38604211567,0,398.825919414344,384.77208423134,0.547459833082684
"694",173,"Stable","RTF","sigma_rtf",15.8593870288382,-189.38604211567,0,398.825919414344,384.77208423134,0.547459833082684
"695",173,"Stable","RTF","nk",49,-189.38604211567,0,398.825919414344,384.77208423134,0.547459833082684
"696",174,"Decreasing","Ctl","tau",32.6571551691396,-182.730865328528,0,378.830954112392,369.461730657056,17.5744289170233
"697",174,"Decreasing","Ctl","sigma_ctl",8.17508234338885,-182.730865328528,0,378.830954112392,369.461730657056,17.5744289170233
"698",174,"Decreasing","RTF","tau0",41.7641666219639,-164.156436411505,0,348.366708006013,334.31287282301,17.5744289170233
"699",174,"Decreasing","RTF","sigma_rtf",10.4006856955167,-164.156436411505,0,348.366708006013,334.31287282301,17.5744289170233
"700",174,"Decreasing","RTF","nk",100,-164.156436411505,0,348.366708006013,334.31287282301,17.5744289170233
"701",175,"Stable","Ctl","tau",38.1719578660357,-99.3610775227623,0,212.09137850086,202.722155045525,-15.643468763284
"702",175,"Stable","Ctl","sigma_ctl",7.37854038092654,-99.3610775227623,0,212.09137850086,202.722155045525,-15.643468763284
"703",175,"Stable","RTF","tau0",36.754822499322,-114.004546286046,0,248.062927755096,234.009092572093,-15.643468763284
"704",175,"Stable","RTF","sigma_rtf",9.5334354256383,-114.004546286046,0,248.062927755096,234.009092572093,-15.643468763284
"705",175,"Stable","RTF","nk",43,-114.004546286046,0,248.062927755096,234.009092572093,-15.643468763284
"706",176,"Decreasing","Ctl","tau",24.3818915562289,-118.126665852245,0,249.622555159826,240.25333170449,-0.675404990318256
"707",176,"Decreasing","Ctl","sigma_ctl",5.41527279886065,-118.126665852245,0,249.622555159826,240.25333170449,-0.675404990318256
"708",176,"Decreasing","RTF","tau0",30.2962236402955,-117.802070842563,0,255.65797686813,241.604141685126,-0.675404990318256
"709",176,"Decreasing","RTF","sigma_rtf",7.25002894577403,-117.802070842563,0,255.65797686813,241.604141685126,-0.675404990318256
"710",176,"Decreasing","RTF","nk",93,-117.802070842563,0,255.65797686813,241.604141685126,-0.675404990318256
"711",177,"Stable","Ctl","tau",40.4887989748699,-93.3006502824835,0,199.970524020303,190.601300564967,-0.126361098729134
"712",177,"Stable","Ctl","sigma_ctl",6.77037969614737,-93.3006502824835,0,199.970524020303,190.601300564967,-0.126361098729134
"713",177,"Stable","RTF","tau0",39.6481202500349,-92.4270113812126,0,204.907857945429,190.854022762425,-0.126361098729134
"714",177,"Stable","RTF","sigma_rtf",7.00952987269757,-92.4270113812126,0,204.907857945429,190.854022762425,-0.126361098729134
"715",177,"Stable","RTF","nk",61,-92.4270113812126,0,204.907857945429,190.854022762425,-0.126361098729134
"716",178,"Decreasing","Ctl","tau",29.6064169681511,-143.040925946851,0,299.451075349037,290.081851893701,26.9448672400794
"717",178,"Decreasing","Ctl","sigma_ctl",6.36204416347433,-143.040925946851,0,299.451075349037,290.081851893701,26.9448672400794
"718",178,"Decreasing","RTF","tau0",37.6975041129354,-115.096058706771,0,250.245952596546,236.192117413543,26.9448672400794
"719",178,"Decreasing","RTF","sigma_rtf",6.75941488377924,-115.096058706771,0,250.245952596546,236.192117413543,26.9448672400794
"720",178,"Decreasing","RTF","nk",84,-115.096058706771,0,250.245952596546,236.192117413543,26.9448672400794
"721",179,"Decreasing","Ctl","tau",25.2091959816266,-200.165232507253,0,413.699688469841,404.330465014505,10.2518100807953
"722",179,"Decreasing","Ctl","sigma_ctl",9.67111160031602,-200.165232507253,0,413.699688469841,404.330465014505,10.2518100807953
"723",179,"Decreasing","RTF","tau0",31.0932574314198,-188.913422426457,0,397.880680035919,383.826844852915,10.2518100807953
"724",179,"Decreasing","RTF","sigma_rtf",11.6803872508615,-188.913422426457,0,397.880680035919,383.826844852915,10.2518100807953
"725",179,"Decreasing","RTF","nk",64,-188.913422426457,0,397.880680035919,383.826844852915,10.2518100807953
"726",180,"Stable","Ctl","tau",42.6648146373783,-157.949381220247,0,329.267985895829,319.898762440493,-2.1450281559745
"727",180,"Stable","Ctl","sigma_ctl",11.7130304725099,-157.949381220247,0,329.267985895829,319.898762440493,-2.1450281559745
"728",180,"Stable","RTF","tau0",41.7019845834535,-159.094409376221,0,338.242653935446,324.188818752442,-2.1450281559745
"729",180,"Stable","RTF","sigma_rtf",12.2767107783637,-159.094409376221,0,338.242653935446,324.188818752442,-2.1450281559745
"730",180,"Stable","RTF","nk",46,-159.094409376221,0,338.242653935446,324.188818752442,-2.1450281559745
"731",53,"Decreasing","Ctl","tau",21.0808299701846,-228.397653196773,0,470.164529848881,460.795306393545,38.4213468089146
"732",53,"Decreasing","Ctl","sigma_ctl",10.7079633854,-228.397653196773,0,470.164529848881,460.795306393545,38.4213468089146
"733",53,"Decreasing","RTF","tau0",26.7742509716154,-188.976306387858,0,398.00644795872,383.952612775716,38.4213468089146
"734",53,"Decreasing","RTF","sigma_rtf",11.8442746796385,-188.976306387858,0,398.00644795872,383.952612775716,38.4213468089146
"735",53,"Decreasing","RTF","nk",36,-188.976306387858,0,398.00644795872,383.952612775716,38.4213468089146
"736",67,"Stable","Ctl","tau",38.0496607022679,-220.062409235159,0,453.494041925655,444.124818470319,-4.28267387997673
"737",67,"Stable","Ctl","sigma_ctl",16.4680335793896,-220.062409235159,0,453.494041925655,444.124818470319,-4.28267387997673
"738",67,"Stable","RTF","tau0",37.1391000202039,-223.345083115136,0,466.744001413276,452.690166230272,-4.28267387997673
"739",67,"Stable","RTF","sigma_rtf",17.2493847703412,-223.345083115136,0,466.744001413276,452.690166230272,-4.28267387997673
"740",67,"Stable","RTF","nk",40,-223.345083115136,0,466.744001413276,452.690166230272,-4.28267387997673
"741",68,"Stable","Ctl","tau",30.4732076843404,-122.847136292708,0,259.063496040751,249.694272585415,-2.07719580406916
"742",68,"Stable","Ctl","sigma_ctl",10.0076273968049,-122.847136292708,0,259.063496040751,249.694272585415,-2.07719580406916
"743",68,"Stable","RTF","tau0",29.4357244821954,-123.924332096777,0,267.902499376557,253.848664193553,-2.07719580406916
"744",68,"Stable","RTF","sigma_rtf",10.1190649519181,-123.924332096777,0,267.902499376557,253.848664193553,-2.07719580406916
"745",68,"Stable","RTF","nk",62,-123.924332096777,0,267.902499376557,253.848664193553,-2.07719580406916
"746",69,"Decreasing","Ctl","tau",59.9808820719265,-114.194988738329,0,241.759200931994,232.389977476658,-72.1784648556238
"747",69,"Decreasing","Ctl","sigma_ctl",11.5712321376374,-114.194988738329,0,241.759200931994,232.389977476658,-72.1784648556238
"748",69,"Decreasing","RTF","tau0",74.5101362679801,-185.373453593953,0,390.80074237091,376.746907187906,-72.1784648556238
"749",69,"Decreasing","RTF","sigma_rtf",18.0000404066317,-185.373453593953,0,390.80074237091,376.746907187906,-72.1784648556238
"750",69,"Decreasing","RTF","nk",100,-185.373453593953,0,390.80074237091,376.746907187906,-72.1784648556238
"751",71,"Stable","Ctl","tau",39.6658782575952,-202.458841883963,0,418.286907223261,408.917683767925,-3.45010911807023
"752",71,"Stable","Ctl","sigma_ctl",14.0716409794552,-202.458841883963,0,418.286907223261,408.917683767925,-3.45010911807023
"753",71,"Stable","RTF","tau0",38.6028354287622,-204.908951002033,0,429.87173718707,415.817902004066,-3.45010911807023
"754",71,"Stable","RTF","sigma_rtf",14.7620257443749,-204.908951002033,0,429.87173718707,415.817902004066,-3.45010911807023
"755",71,"Stable","RTF","nk",67,-204.908951002033,0,429.87173718707,415.817902004066,-3.45010911807023
"756",72,"Stable","Ctl","tau",33.1509587683069,-124.565565484813,0,262.500354424962,253.131130969626,1.66059259995251
"757",72,"Stable","Ctl","sigma_ctl",9.26371467278775,-124.565565484813,0,262.500354424962,253.131130969626,1.66059259995251
"758",72,"Stable","RTF","tau0",31.8508398322121,-121.904972884861,0,263.863780952725,249.809945769721,1.66059259995251
"759",72,"Stable","RTF","sigma_rtf",9.62322524514994,-121.904972884861,0,263.863780952725,249.809945769721,1.66059259995251
"760",72,"Stable","RTF","nk",34,-121.904972884861,0,263.863780952725,249.809945769721,1.66059259995251
"761",73,"Decreasing","Ctl","tau",28.7970097991791,-300.562973949071,0,614.495171353478,605.125947898142,33.7639194189274
"762",73,"Decreasing","Ctl","sigma_ctl",15.6421223353879,-300.562973949071,0,614.495171353478,605.125947898142,33.7639194189274
"763",73,"Decreasing","RTF","tau0",36.1262535456982,-265.799054530144,0,551.651944243291,537.598109060287,33.7639194189274
"764",73,"Decreasing","RTF","sigma_rtf",16.9717043886256,-265.799054530144,0,551.651944243291,537.598109060287,33.7639194189274
"765",73,"Decreasing","RTF","nk",35,-265.799054530144,0,551.651944243291,537.598109060287,33.7639194189274
"766",74,"Decreasing","Ctl","tau",28.5991346696962,-181.219552996765,0,375.808329448866,366.43910599353,19.0095520741406
"767",74,"Decreasing","Ctl","sigma_ctl",8.37056183117888,-181.219552996765,0,375.808329448866,366.43910599353,19.0095520741406
"768",74,"Decreasing","RTF","tau0",36.5341150487954,-161.210000922624,0,342.473837028252,328.420001845249,19.0095520741406
"769",74,"Decreasing","RTF","sigma_rtf",10.2185801052879,-161.210000922624,0,342.473837028252,328.420001845249,19.0095520741406
"770",74,"Decreasing","RTF","nk",91,-161.210000922624,0,342.473837028252,328.420001845249,19.0095520741406
"771",75,"Decreasing","Ctl","tau",51.6656468652897,-175.47858197091,0,364.326387397155,354.95716394182,-47.4497060980038
"772",75,"Decreasing","Ctl","sigma_ctl",13.0893955254298,-175.47858197091,0,364.326387397155,354.95716394182,-47.4497060980038
"773",75,"Decreasing","RTF","tau0",64.1804479771846,-221.928288068914,0,463.910411320831,449.856576137827,-47.4497060980038
"774",75,"Decreasing","RTF","sigma_rtf",17.1227014463688,-221.928288068914,0,463.910411320831,449.856576137827,-47.4497060980038
"775",75,"Decreasing","RTF","nk",100,-221.928288068914,0,463.910411320831,449.856576137827,-47.4497060980038
"776",76,"Decreasing","Ctl","tau",33.3919806468017,-166.171852736194,0,345.712928927723,336.343705472387,2.25958544529755
"777",76,"Decreasing","Ctl","sigma_ctl",7.66674945800885,-166.171852736194,0,345.712928927723,336.343705472387,2.25958544529755
"778",76,"Decreasing","RTF","tau0",44.0020281487613,-162.912267290896,0,345.878369764796,331.824534581792,2.25958544529755
"779",76,"Decreasing","RTF","sigma_rtf",11.176306344938,-162.912267290896,0,345.878369764796,331.824534581792,2.25958544529755
"780",76,"Decreasing","RTF","nk",86,-162.912267290896,0,345.878369764796,331.824534581792,2.25958544529755
"781",77,"Decreasing","Ctl","tau",34.9860919290523,-246.5087704887,0,506.386764432736,497.0175409774,-7.11914285574838
"782",77,"Decreasing","Ctl","sigma_ctl",12.90357782581,-246.5087704887,0,506.386764432736,497.0175409774,-7.11914285574838
"783",77,"Decreasing","RTF","tau0",43.8992727982275,-252.627913344449,0,525.309661871901,511.255826688897,-7.11914285574838
"784",77,"Decreasing","RTF","sigma_rtf",15.8663038926245,-252.627913344449,0,525.309661871901,511.255826688897,-7.11914285574838
"785",77,"Decreasing","RTF","nk",98,-252.627913344449,0,525.309661871901,511.255826688897,-7.11914285574838
"786",78,"Decreasing","Ctl","tau",26.4629174912488,-180.101872815808,0,373.572969086952,364.203745631616,-6.362248471931
"787",78,"Decreasing","Ctl","sigma_ctl",9.17736651604336,-180.101872815808,0,373.572969086952,364.203745631616,-6.362248471931
"788",78,"Decreasing","RTF","tau0",34.5769393204821,-185.464121287739,0,390.982077758482,376.928242575478,-6.362248471931
"789",78,"Decreasing","RTF","sigma_rtf",12.7125759466864,-185.464121287739,0,390.982077758482,376.928242575478,-6.362248471931
"790",78,"Decreasing","RTF","nk",95,-185.464121287739,0,390.982077758482,376.928242575478,-6.362248471931
"791",79,"Decreasing","Ctl","tau",31.7565085349501,-216.517881093863,0,446.404985643062,437.035762187726,27.2898222888303
"792",79,"Decreasing","Ctl","sigma_ctl",10.874792070157,-216.517881093863,0,446.404985643062,437.035762187726,27.2898222888303
"793",79,"Decreasing","RTF","tau0",41.3277809852656,-188.228058805033,0,396.509952793069,382.456117610065,27.2898222888303
"794",79,"Decreasing","RTF","sigma_rtf",12.739925513719,-188.228058805033,0,396.509952793069,382.456117610065,27.2898222888303
"795",79,"Decreasing","RTF","nk",82,-188.228058805033,0,396.509952793069,382.456117610065,27.2898222888303
"796",80,"Decreasing","Ctl","tau",24.5951454629977,-507.294276994591,0,1027.95777744452,1018.58855398918,66.2607831310898
"797",80,"Decreasing","Ctl","sigma_ctl",61.1021525527954,-507.294276994591,0,1027.95777744452,1018.58855398918,66.2607831310898
"798",80,"Decreasing","RTF","tau0",35.6841428177467,-440.033493863501,0,900.120822910006,886.066987727003,66.2607831310898
"799",80,"Decreasing","RTF","sigma_rtf",41.4366628407926,-440.033493863501,0,900.120822910006,886.066987727003,66.2607831310898
"800",80,"Decreasing","RTF","nk",5,-440.033493863501,0,900.120822910006,886.066987727003,66.2607831310898
